id,year,endvi,evi,exgi,gcc,grvi,msavi,msr,ndvi,remsr,psri,rendvi,sipi,sr,vari,mr
100,2020,0.5929793529227839,0.10744566124914023,0.02492620519400176,0.3861656884608682,0.032041348461976135,0.08933231914799517,2.0042375088024693,0.6277220435349569,4.107239805192896,0.01184477485668176,0.34543057007355815,0.7436962729278088,2.0554436375446876,0.02397824351993871,0.04057086455077331
101,2020,0.6570762113008916,0.29605065793642743,0.05660792662441959,0.4004063505899328,0.08144474884487704,0.25912923160576473,2.7646060509129993,0.7220954093668971,5.7888456354264735,-0.00948607324165346,0.43536087547639596,0.8124856275675914,2.5420854013391923,0.06031005226022619,0.10417679752802998
102,2020,0.6021560045084444,0.10173681170290638,0.021894451485851632,0.389859027627362,0.05446860121538513,0.08413177437509223,2.2404903367205127,0.6603207232278542,4.945255535723714,-0.0012486630696763585,0.3826239008169318,0.7627202568579415,2.239516402799629,0.04027635508838662,0.03570781993866773
103,2020,0.5772053417057668,0.04656026081777349,0.010368467107361076,0.38401445078490454,0.04919373563403201,0.03778693724158039,2.128947535014497,0.6455024597477813,4.997647647683609,-0.0011815472478072502,0.3747581327216734,0.7455055421050073,2.1987621185797837,0.03601070942373597,0.016348503340848277
104,2020,0.5924525122151896,0.13691906877071064,0.03186728239479939,0.38761924834682626,0.04285558656526444,0.11462951940874128,2.106950795945375,0.6394751396988618,4.401482639940121,0.0034799665049351017,0.3581539444067592,0.7506614563616966,2.1160119822680135,0.031858006929995096,0.05142314621548056
105,2020,0.552474550923668,0.059912289968262256,0.015458033401782534,0.37939249757465443,0.02420859011146845,0.04890956246010442,1.8006914585346834,0.5938810278439927,3.920899945386057,0.014982287116304805,0.32071053006109257,0.7102645108488581,1.9442529120609982,0.01793493542980636,0.02323701602820529
106,2020,0.6150002953403837,0.11859366756279455,0.023988160224649464,0.3919914673897588,0.06614734449887298,0.09846649099518351,2.4187526601598046,0.6838012193212945,5.503617698653908,-0.006090982826378765,0.40850434267980257,0.7788326358045485,2.3812589750212307,0.048640921478328596,0.040307325419396155
107,2020,0.6356802131234716,0.11857263336066082,0.02132255812691109,0.3949722661447253,0.08563611564421826,0.09829363256049667,2.7317126805059857,0.7208487936824596,6.629780709272721,-0.012984399876860876,0.44876576520664846,0.8022181026613459,2.6282216773959375,0.062311653366022186,0.037801460368985546
108,2020,0.6311938061438045,0.1757004570023812,0.03416363955283323,0.39321620778091415,0.06812381046590074,0.14849780396352896,2.55102783839219,0.6994282926967991,5.659966372103398,-0.0067813469925252275,0.42229251060982426,0.793004565753868,2.4619596192377338,0.05015783029741272,0.0604706376886657
109,2020,0.5867200171005883,0.09637048266958062,0.022873294186970844,0.38271752388155705,0.019247909364393332,0.07993815036640417,1.8960560770702697,0.6118822087586318,3.8241737570426046,0.01933223616533017,0.33061149771015824,0.7338285783123657,1.9878015429879767,0.014454799748239926,0.03707281194458954
10,2020,0.5847579881758009,0.05999720193515527,0.0119138107993233,0.3878645530812258,0.10316167887706493,0.04865592969537125,2.669729880876694,0.7124296476396407,8.30935105772318,-0.024040899019070146,0.45314530967945127,0.7778532591912428,2.6572786800597132,0.07254196594916473,0.018612589432756482
110,2020,0.6230818893528102,0.09096048840400885,0.01829119000561899,0.3906223528352462,0.043507289623872666,0.07520921419119125,2.2614711150364593,0.6641123088112788,4.670296932075807,0.005150920144019811,0.38259367630216484,0.7735491861555751,2.2393578154842806,0.032572690209931116,0.031216861404343543
111,2020,0.5885543803596136,0.11201052617863808,0.026464255415287942,0.3839143185594714,0.025396175470433054,0.09331705493928,1.9460684118442055,0.6200200627535373,3.919472552268233,0.01589871587284576,0.3351428910334213,0.7381148569313555,2.0081651726770313,0.019016952926072632,0.04306029222667926
112,2020,0.6135661086638199,0.14446451252647136,0.031358414888975124,0.38938695111185123,0.040299141983059776,0.12161690316300755,2.17648078432449,0.6528012685254997,4.4663162489467965,0.006795228143482819,0.3708181035546114,0.764616164830958,2.1787310017963857,0.030168168742876412,0.052808828617531375
113,2020,0.6299862101899907,0.19956215172016073,0.04077423281632434,0.39186696960859985,0.05314001163309792,0.17054098216862995,2.382378173852807,0.6817715863082968,5.063522724276948,9.350593121662038e-4,0.40183154083863243,0.7837315360321552,2.3435397158920765,0.039546147888420764,0.07183996811545747
114,2020,0.6032968976544784,0.10212881944360877,0.0225593474220001,0.38792287259789093,0.03690921676472138,0.08475239037703192,2.0909566554647583,0.6410351214610507,4.3133501419740234,0.008776951580255102,0.3589970296010225,0.754401809249811,2.120110346376626,0.02761655342862623,0.03714836582587696
115,2020,0.5954479524393768,0.06770893415216983,0.014724862372032601,0.3841371633675321,0.03201209672591259,0.05548369687275212,2.048789547516866,0.6382230832487396,4.364677942924572,0.011556384843951672,0.3599326925177411,0.7485355321979116,2.124671384744073,0.023831185833483575,0.024516846884466818
116,2020,0.6011850151056499,0.12500870222610305,0.02870777310730706,0.3876275482845434,0.03205271623607986,0.10468121386654705,2.0401817416373427,0.6316414844956096,4.0088847122945594,0.012176727754482669,0.34342389876368823,0.7499936524175495,2.0461053885970935,0.024077289105471876,0.04716689322226665
117,2020,0.6031053836269017,0.11733152878070771,0.026701587955784874,0.3854179444733664,0.021990460820761174,0.09817615442390148,1.9822316557264383,0.6252938908861699,3.9544265073243396,0.01760843624686769,0.3434398957516051,0.7470489218979774,2.0461796064954694,0.01658629612012851,0.04446023213924331
119,2020,0.6507309968189048,0.2225224228910612,0.04061215706054613,0.3978837152558901,0.08423258350716853,0.19046625461657796,2.775754990824848,0.7260059037315693,6.361056277131562,-0.010413347899559803,0.4491165588020979,0.8102837399920213,2.6305320698167622,0.06182211046088276,0.07421210380593544
11,2020,0.6020889068434392,0.06478830846142646,0.011866862746672611,0.3880236071724914,0.10719956061608601,0.052624556771955544,2.8222519786489495,0.731806044586066,8.941186550077193,-0.02229077487067367,0.4745732027150592,0.7923279895841705,2.8064293833787715,0.07513724115716654,0.019884520605984023
120,2020,0.6513551686843685,0.24490821212914127,0.04637347157391636,0.39653429780993577,0.06939446830666976,0.21183671248752461,2.650322450098036,0.7119978177332628,5.690587153316485,-0.005249492430175617,0.43176968772974494,0.8055966189650566,2.519699595062756,0.05146330484662282,0.08508215882357097
121,2020,0.6564805433867105,0.22811120454526507,0.0389456999689851,0.3976414853189137,0.09938374357290565,0.19474369934721708,2.895501042539024,0.7490173668007191,7.167357066218431,-0.010470729975600756,0.4678070184853161,0.8160584506260815,2.758035279435224,0.07189318496278736,0.07628132866723926
122,2020,0.6778906141458461,0.4941380034528641,0.09391396047943869,0.395329132060385,0.06803524176350709,0.4485950905753836,2.822568482364701,0.7401706550682614,5.900141595614261,-0.0016070263808102912,0.45272690012312156,0.8245284017983788,2.654482561722741,0.05036596551154126,0.19674465923069123
123,2020,0.6328939519688002,0.21804722584157585,0.044979575498398316,0.3872438932656164,0.03171626339343633,0.18838899946539384,2.2313173479393886,0.6687248519001808,4.2112572524196645,0.012385529536733136,0.36812826600027493,0.7764717203936482,2.16519934724738,0.02380873453698466,0.08489905712162925
124,2020,0.6798250220480321,0.4722086177080767,0.08692460434542239,0.4004168018830488,0.08892773690280853,0.42644885078866424,2.9969030881133456,0.7528232627923606,6.881368602218315,-0.007939393019483364,0.4816717238880575,0.8315184020899754,2.8585585471089816,0.06540040960036259,0.17924617863039288
125,2020,0.6258029070082842,0.22816915317025208,0.04938076773921504,0.38637354010013564,0.02752407196899236,0.19786877894346355,2.146676123750272,0.657270863005571,4.065572599092059,0.014425138590153957,0.3579095329111317,0.7681768854977522,2.1148258734749144,0.020699414086235456,0.0898535165549195
126,2020,0.6623905039170365,0.3285042540602618,0.05932689251791115,0.39049344562349886,0.058606768216971965,0.29030800997826944,2.6622511393026125,0.7265057959437088,5.6800637808324295,2.3163230701514107e-4,0.43718282410556886,0.8110504732094604,2.5535518204852092,0.04323712930052327,0.12043692411743616
127,2020,0.6293198203563051,0.20042007056356323,0.042151075870021384,0.3945271832651126,0.055967089012345345,0.17149056486413472,2.368733921124778,0.6764514982145448,4.9899352497278775,-7.579456674285605e-4,0.3989600404800541,0.782548836467205,2.3275657771530063,0.04182050409211247,0.07391833022168713
128,2020,0.6689416438639639,0.2199928940879527,0.03655228082575265,0.3948670401616499,0.07192804592609243,0.18894126306597775,2.786244434542782,0.7371508748443747,5.950190363389653,-0.002523875952385874,0.44803190858952613,0.8182148837534651,2.6233978578169106,0.052992390128032175,0.0754238328378033
129,2020,0.667948092732919,0.37283649409676733,0.07180706377478117,0.4013716311460128,0.07961638383549258,0.3329091451353207,2.782768815239385,0.7281349502147766,6.1862371449751175,-0.006359436826454601,0.45580966408525886,0.8181608816409648,2.675184706538673,0.05919835660972702,0.13840260966765827
12,2020,0.6176696110361076,0.1500538082989957,0.026903316496016468,0.39016199835220555,0.1105009281760718,0.12439603092166007,2.9318513895275866,0.7436656776664179,8.953633824637022,-0.020774724390941555,0.48433854485393485,0.8038378862844188,2.8785136644224925,0.07764651404256012,0.04692368863871288
130,2020,0.6558748377180331,0.1997642824968172,0.03374624939928922,0.39798122547992776,0.10073974935015967,0.16927254649351509,2.918519535163572,0.7491047581765534,7.1465874928394415,-0.011381285754280667,0.46654485287475106,0.8166492081496209,2.749143692356995,0.0728465178523563,0.06558934125892117
131,2020,0.6862402093876028,0.5661287320911884,0.10692023594054392,0.4000458854753959,0.08719206408448182,0.5133217151142313,3.0400113064223184,0.757861457618182,6.994552255732236,-0.007291293844256441,0.48925639457201653,0.8360964598470831,2.9158591096291393,0.06416681584679693,0.22604618247919192
132,2020,0.6597202534145198,0.3247208598258424,0.06221331922849459,0.39559263950181905,0.06357025073006706,0.2873080921919411,2.6345576867308758,0.7157889975701968,5.258672084118134,-0.0011813643391274636,0.42119523332581654,0.8083463010586829,2.4553965605570514,0.04728963274938796,0.12133069528344519
133,2020,0.6627459747183483,0.36546017807188635,0.06704360200924075,0.3869863278385559,0.04667988709141607,0.32615898909294366,2.613584275498138,0.7218727383476785,5.663079943338081,0.0042253793336687415,0.43723805641437674,0.8090411115976683,2.553900584067664,0.03451767500687205,0.13823564007803932
134,2020,0.6952520061713535,0.510958362060404,0.090152684930881,0.3968096927792452,0.07073161763048877,0.4675017250482935,3.0438569526101653,0.7563566577354616,6.191594132700676,-0.0038117141562048064,0.46726489095106083,0.8388432981259378,2.7542109878406227,0.05242581987789821,0.19794758325481993
135,2020,0.6330467755556916,0.2707785630972882,0.05874037742092377,0.39004977757498094,0.038099905842256254,0.2373711749479847,2.2968033287328966,0.668945445822216,4.732332978049718,0.006872523879031795,0.39103343996056256,0.7805986406668542,2.2842525866617005,0.02863088555497459,0.10578852660676238
136,2020,0.681780141298937,0.346357184406203,0.05688826970199147,0.39714040747738366,0.08677641227940944,0.30660088677590425,3.0165086549163154,0.7600329777613068,7.2111525200413045,-0.00663764873721202,0.48376902522166415,0.8318667079133859,2.8742347858122597,0.06342136127115323,0.12005107053190556
137,2020,0.6323614449648712,0.17937854716054974,0.034794480493889654,0.3910826509600152,0.05900559907452253,0.15201414417251236,2.466863686805406,0.6948863888002021,5.375451542676211,-0.0013500782511366935,0.4061357209250243,0.7873082358422855,2.3677728573189682,0.04358063097629425,0.06302578342305216
138,2020,0.6589266094500079,0.26099567731233086,0.046353036088907534,0.39396588279471645,0.07083836101015828,0.22634229749861146,2.775140630533492,0.7284647196299389,6.594578822274073,-0.0066763161312416676,0.461633518296851,0.8143910626590166,2.7149415276985693,0.05212345475702115,0.08978728878614434
139,2020,0.5892863623507635,0.05066483278923576,0.0109239281259122,0.38289782348114443,0.03630037390211724,0.041231819148005,2.0531047926491186,0.6427335779342295,4.5697070159275865,0.008801452918461478,0.3666629811837008,0.7468328963921825,2.1578763605796807,0.02682491391243149,0.017869326711032914
13,2020,0.6293338558761651,0.2713375130453671,0.05477622363049783,0.3977781890290943,0.0946263434541722,0.23325407810244514,2.742320493777864,0.7179766245050886,6.17665532709647,-0.015409097232671781,0.43021452055030374,0.7991966534995476,2.5100929597778046,0.06877286620906463,0.09292739387951528
140,2020,0.6691484485736284,0.40404771038160814,0.0728547750492408,0.3862289810966646,0.04614760378524862,0.36332718998939656,2.6689144924778287,0.7296985049669505,5.812090414413534,0.0042366664991071385,0.4460415751451709,0.8144717390827183,2.610379245561834,0.03407462183259551,0.15455497470259463
141,2020,0.6671501365144256,0.25729645074281776,0.04286614796715995,0.3921766565730937,0.07084918710280125,0.222883069482664,2.820409149618419,0.7410505695842937,6.777488492487037,-0.0034800956800945223,0.4665606946566004,0.8185726430003519,2.7492550323274494,0.051894137201657614,0.08718924969292305
142,2020,0.6655627820096084,0.3029368843551504,0.05465618021605071,0.3958664307097905,0.06966409638201121,0.2662849549995143,2.7714921781247868,0.7285155953484547,6.26129861578621,-0.004629371019475995,0.4556425554253181,0.8167015864613335,2.674056486106556,0.05156324733464876,0.10721075784703443
143,2020,0.6896437764915908,0.462583813831171,0.07897762494028182,0.3981738442754676,0.08604987065512264,0.4187126696548553,3.0685708676392633,0.7641438019745529,7.125496786475537,-0.005897548894071774,0.4876207642520529,0.8370339821235684,2.9033588023536794,0.06309619608441931,0.17058990408582914
144,2020,0.6625084493607373,0.3406434355505814,0.06719210621455554,0.3964239989363079,0.05711035322923626,0.30387256523127143,2.5968140772813904,0.7077839562974697,5.446562265716705,0.0011073872796768178,0.4306175764592922,0.8080054200907386,2.5125776934998956,0.042833587881603914,0.12933491317104576
145,2020,0.6494005321039622,0.3098578878577538,0.06039305215581017,0.39632914325835966,0.07471196184695512,0.2714996979541134,2.653084210548736,0.7173249856262729,6.212557650072057,-0.005508095259762397,0.44850924553622934,0.8053158563815148,2.626534051227484,0.05510411883583684,0.11318406172942719
146,2020,0.6725432343583664,0.365298979782544,0.06681340871695342,0.39810395934600246,0.0741581347578825,0.3259206128656164,2.843055410749868,0.73486356325083,6.379997582171039,-0.006192386370313813,0.4633078643565525,0.8226096555685162,2.7265312218562188,0.05496890282636437,0.1330557289921707
147,2020,0.517618729910298,0.010155130923519128,0.002891557895724533,0.3683741861073473,-0.007816021137257411,0.008154733255998858,1.4555847041888534,0.539676056120203,3.0632859836630097,0.043070756876496336,0.2612508725735773,0.6614803452241962,1.7072790014214863,-0.0058038035009096425,0.004291586434581511
148,2020,0.6699013527497044,0.43130204847236153,0.08255679841671544,0.39700213081531394,0.07282462532659116,0.38830175335407985,2.8159276238322493,0.7335733968777765,6.5225947095051815,-0.005097353515850755,0.46803319793692344,0.8209778059190259,2.759633105380992,0.05389796383855799,0.16541029909506677
149,2020,0.5580673662778999,0.03417710690845806,0.008874446298863336,0.3795612742357706,0.0107643954337049,0.027708795741167802,1.6715895825817157,0.5748195465625965,3.4288183234206326,0.02719276969092729,0.297189037065678,0.7010604989596734,1.8457154277300325,0.008084470853252809,0.01354357704308756
14,2020,0.6263978110688365,0.20042194598690727,0.039434289795665614,0.3968869825325989,0.0921212361068202,0.16953546279743464,2.722705313943985,0.714532751691436,6.103567271964882,-0.01519206427885923,0.42682426700611775,0.796884719721121,2.489331255448225,0.06695542256085729,0.06665196756988084
150,2020,0.6203648833075968,0.06014312602679102,0.010825441367110547,0.38201482345626464,0.04593489117238041,0.04905788891391577,2.4130313763487545,0.6926105410779491,5.522664760081034,0.0013153350050297964,0.4082459494097704,0.7791917355642638,2.379782526211949,0.033554305320153195,0.019980725415667772
151,2020,0.6333962680529795,0.2162574017497458,0.0441421350007917,0.39391137503671075,0.059155531716772895,0.1856052340026227,2.452031476622176,0.6874120606509976,5.239492508586542,-0.0026445816481799576,0.411047108030465,0.7891860208232503,2.395857338117044,0.04400116157031586,0.07928708139553686
152,2020,0.6607730914283374,0.3222231961742545,0.06089021308274478,0.3985875359293866,0.07700283988427775,0.28399989529410263,2.7290051510318274,0.7253031282800614,6.26240056405416,-0.00527353126951708,0.45489090307396424,0.813137180436191,2.668990320063167,0.056995898380987016,0.11730662503315437
153,2020,0.6709196798668231,0.285301045338026,0.0514800022587006,0.4004849311766839,0.07513914381776106,0.25030046374695364,2.7856688136190098,0.7280551227735363,6.041093685108987,-0.005693514610502479,0.45249398642968364,0.8193276057840778,2.652927913901606,0.055978047145926774,0.1004538545860278
154,2020,0.6446513068662895,0.19812699000714118,0.035513800784556925,0.38649055736882715,0.04994645868591483,0.1689716737446899,2.557049588682228,0.7091746527730183,5.6031572099038565,-1.3177315502442717e-4,0.42504270503217945,0.7981342306503836,2.4785192178698012,0.03677108388989376,0.06888859389464856
155,2020,0.7056730984846147,0.5612068223154387,0.09469674073782777,0.3985769226194241,0.08294640327122929,0.5143871904156803,3.2107488753808933,0.774811105090635,7.12334594129994,-0.004757922894131837,0.49969977891261486,0.8484346533696183,2.9975996725587484,0.0610566174989477,0.22148367904105265
156,2020,0.6170916118678437,0.1229056193809412,0.02663139050922508,0.3937123969675401,0.04831107269013182,0.10277401835721195,2.184149216190563,0.6539441926307484,4.359680712430869,0.0037507000090136727,0.3650916215571847,0.7656802135555683,2.1500608086244295,0.03628821391744881,0.044473891832323025
157,2020,0.6609568805024837,0.21112717915128112,0.03650740735731983,0.3976089624881193,0.08180224185515714,0.18047198739771614,2.7866374713019124,0.7337950503458236,6.693643040868929,-0.007195580686274881,0.4645631739247189,0.8153141888558423,2.73526792069921,0.06013170107219294,0.07082586516978716
158,2020,0.662491597515814,0.3782014952581959,0.07217611127225697,0.39426956102389665,0.06526189375651603,0.33759724830634263,2.7466133099028593,0.7244248990951555,5.643027837100516,-0.0051063712252768555,0.4321827868509814,0.8138227658382279,2.522260251513576,0.04830883063362627,0.13981950918588124
159,2020,0.526856284241595,0.025389857992501534,0.007564803096039349,0.3732374753868536,-0.008803788415656703,0.020528235183163046,1.4121122842250153,0.5251987070769301,2.9391167580048942,0.047208181667495935,0.25565677965839134,0.6612522054465729,1.6869325135817326,-0.006630178210321237,0.011014571504284467
15,2020,0.6537096193555951,0.4179083765182945,0.08231240953165633,0.39863866897382166,0.09300660881847797,0.3707374632722197,2.872107777541441,0.7370795857803119,6.5292991305722214,-0.011068608779006155,0.4560259167558124,0.8159625184797554,2.6766457476655345,0.06784228100001251,0.15305011114324535
160,2020,0.6868859427835451,0.39028379428058263,0.06850969174580072,0.40253623346592793,0.08462093130073914,0.35080180181588994,2.9588248047914756,0.7496768099487843,6.565586423991794,-0.006265507655467093,0.47536835022499174,0.8326685059159672,2.8121985222540675,0.06281086778830333,0.1415801298850061
161,2020,0.6480887779837603,0.31447474479589516,0.06828188380251468,0.3966663656322678,0.049032789817276955,0.2796274636692578,2.3883647938259625,0.6797978581897721,4.671650518323257,0.004300769427627453,0.3951409901883033,0.7916478805706298,2.3065556891061854,0.03708112600945087,0.12474472513358552
162,2020,0.5849909590381802,0.05612259607779416,0.01216968705354968,0.38852280717371696,0.0665448622756925,0.0456422353527256,2.218923645966184,0.664131437064521,5.405497019028316,-0.005744700716577073,0.3841506306826218,0.751819504095081,2.247547370579995,0.04848215505754759,0.01901554373085577
163,2020,0.5566936989629641,0.030410023322643663,0.007653827281880894,0.37130651150015204,-0.012102015169739558,0.024633896936635702,1.5726454814191746,0.5659629049390658,3.10313465818214,0.0430130966063778,0.2799762478766167,0.6937112351223942,1.7776861445221879,-0.009097208626394746,0.012480200483335717
164,2020,0.6640956186153533,0.29862614787713615,0.052450076674184734,0.39117904080115445,0.06177115932975169,0.26198450815395097,2.742560682695334,0.7301495543379996,5.98194497517536,-0.002197835226302886,0.4453000670535299,0.8144244330015219,2.6055529867767353,0.04551561349818719,0.10594767002811313
165,2020,0.6770834624541632,0.39856326744825754,0.07567287320071489,0.40051348092846456,0.071150850738908325,0.359482845976748,2.813145722325756,0.7293253954727141,5.931039064565714,-0.004115451421543577,0.45264272862721955,0.8229621167793971,2.65392058277397,0.053207958301678765,0.14924734097119655
166,2020,0.6784534492738171,0.3048484533800321,0.049743008884144985,0.3899010180859874,0.057543946779007184,0.26866949099818943,2.8653075172794136,0.7425563859249016,6.048664046383444,-0.0011514629568427051,0.4538735959135085,0.8249317984414523,2.6621558398104015,0.04243122662118415,0.1077330130913882
167,2020,0.686087126954871,0.45730845125394554,0.08745598617828218,0.4028532395247732,0.07463482230019063,0.4169956954230503,2.84130329307569,0.7364349057585173,6.041312075103603,-0.0025230995368775927,0.4612098255398915,0.8278904687845778,2.712020179291666,0.05595739002879367,0.17814157426734586
168,2020,0.6626688996228903,0.3377804053924432,0.06334494829095978,0.39835558076412314,0.0783131192574139,0.29856394265839464,2.771342546393193,0.7293912385900424,6.248021789647009,-0.006354358369895434,0.4539050448189647,0.8154977576705159,2.662366738650758,0.057861612821182705,0.1224111444746947
169,2020,0.6708923440730558,0.3208484453766568,0.05524609658068276,0.39178338300323234,0.06336724517577505,0.28324719531872256,2.8334388651431897,0.737086175069735,6.019856060531875,-0.0035333445759974007,0.45000810643747546,0.8208378822282221,2.636417233434432,0.04669362122858433,0.11554280472347347
16,2020,0.6467217764632268,0.44427189135475587,0.08911946543936061,0.3971442024483901,0.09724445895781793,0.39278106177188754,2.916221352289116,0.7389774449555008,6.88972389427694,-0.01386633753775767,0.46184906357675976,0.8149515434993232,2.7164294710565313,0.07039465595845401,0.16393675018582587
170,2020,0.6320387446531558,0.17540587006693859,0.03309423706287554,0.3946899611117371,0.08369141079198446,0.14770423723318854,2.607969399535936,0.7157546408831142,6.464313544598492,-0.010747073023173594,0.44224658491159424,0.7951758622700006,2.5858139921617393,0.06096229856935779,0.05842683341526335
171,2020,0.6371064593006884,0.23919742750433612,0.049179547123116826,0.39463398194537735,0.05828781038771472,0.2068818615564853,2.4377785160937546,0.6878659914349494,5.131339329619703,-9.742438728544073e-4,0.40689322922410553,0.7891552622389743,2.3720741332688315,0.043470879067866876,0.08888837630449091
172,2020,0.7038866637933948,0.5001137922849798,0.08378677110954613,0.40183255154641057,0.0885640969676877,0.4574719083415816,3.1705531618998615,0.7716351275141764,6.79963316802529,-0.005304028466295069,0.49060669344679125,0.8466544661800943,2.926239262021182,0.06538510163813725,0.19096727964194976
173,2020,0.6603966931394023,0.38864923305174226,0.07846629176204561,0.38859945438156474,0.03434911999578067,0.3510982093370549,2.4258841032613545,0.6983308274019577,4.782655703465157,0.010214492770915405,0.4077116548779093,0.8000127929070792,2.3767336745208656,0.025809562807771736,0.1596142374418786
174,2020,0.646945831370964,0.1808815127196696,0.03180267704186236,0.3989070990815476,0.10224913044612854,0.152375700397748,2.8602911082153115,0.7403722397813353,6.879543040903309,-0.012189000482938467,0.45241173649174243,0.809516868340963,2.6523792295812054,0.07400850294772696,0.05945630025977204
175,2020,0.6469918184711733,0.2880249141749034,0.057021354012298145,0.3845573405109469,0.0252809211630023,0.2542432039661708,2.3053436569664574,0.683801956234094,4.574644685003785,0.01375440496985501,0.3928722686768749,0.7879090288318269,2.294199715834692,0.018964487892904922,0.11341111569290005
176,2020,0.689722765377494,0.44624777523663184,0.07610502141539627,0.39896729745440107,0.08614724245110617,0.40342720304652535,3.0837656982417667,0.7625070603684833,6.578182345551802,-0.00692462048595936,0.47590692405022833,0.8379496724987017,2.816116052240456,0.06328779590933606,0.1658916819057586
177,2020,0.7008265613544252,0.46818324551915197,0.07935183184852626,0.40010585221670647,0.0775975603316987,0.4278798810180917,3.0741295498201744,0.7612685035301751,6.133603569883811,-0.003917508310216938,0.46898225808131716,0.8418343443813009,2.766352500339375,0.05762306662404629,0.17728369174885625
178,2020,0.6565288656889717,0.11053507499082577,0.01845553246889401,0.3929390950360566,0.06333643941467677,0.09181078663840203,2.626206171353156,0.7197435350281938,5.611535080099663,-3.1384891960992953e-4,0.4294476400945134,0.8060257916535255,2.505375037501037,0.04680995076235438,0.03632839080311705
179,2020,0.6553393234457847,0.3050955905360502,0.05695340641289853,0.3980531352529079,0.08475830806148259,0.2666009490634064,2.7534293311519558,0.730656347522906,6.471090328301252,-0.00862617577114189,0.45488242723544636,0.8117349323074123,2.668933272242605,0.06220429013887344,0.10718675075287899
17,2020,0.6601750855374443,0.44886168919262803,0.08254588438287519,0.39335178119892794,0.09035678177040815,0.3990730810469737,2.960675746306656,0.7528802264874601,6.9123351747929656,-0.008535029464994261,0.4702927327751945,0.8224502525474708,2.7756703065038533,0.06519334156858905,0.16611407191658506
180,2020,0.6294206018037313,0.08858602363704862,0.016741566071266124,0.38831778879000467,0.043660499057647524,0.07312277746461587,2.3077377945582627,0.6790682692378279,4.665599072670035,0.005986372303847064,0.3854028106416703,0.7793780801513017,2.254163921719363,0.03248977702393102,0.030693832576671888
181,2020,0.6470893086449792,0.12339928043730464,0.02150651751908407,0.38945149125202244,0.05282502223034002,0.10295910892289567,2.4879241441432622,0.7067420143834986,5.384473364245158,0.004250420007929141,0.41855600791517517,0.7956895495093009,2.439712211710715,0.039081107018989876,0.04170620308802926
182,2020,0.6814999609440693,0.4279871458162813,0.07806348866518356,0.4005924685615299,0.08149604092862603,0.38628451299591876,2.9117162829936083,0.7457598904085331,6.636481366725093,-0.005520172932817322,0.47593036256064614,0.8291697782807819,2.8162867243600673,0.06037322186692002,0.1588089552996157
183,2020,0.6286637769108838,0.19656121985779776,0.04179345183139136,0.3930701236249567,0.04759001769992418,0.16837371411090335,2.2921802828999507,0.6681172727140683,4.787201297122691,0.003886095728438211,0.39056627455908943,0.7779297591491152,2.2817350213971967,0.03571285297600336,0.07263009935124232
184,2020,0.6627293844287577,0.35751485845210257,0.06708441748534216,0.3985811031643605,0.08256809947640507,0.3166788050799863,2.776000382151142,0.7338887720807195,6.354182063364331,-0.00727095583765631,0.45596964116648936,0.8158904876920007,2.676265428069722,0.060800025774651004,0.1285037841331054
185,2020,0.6713403546204437,0.42538513728589683,0.08443201184071732,0.3977993603175485,0.06267684418638755,0.38517148484908564,2.66571591447521,0.7203316913960177,5.573768425256703,4.421246468945757e-4,0.43977462813665674,0.8149057941067986,2.5699918290881394,0.04692453526294123,0.16937643568343677
186,2020,0.6608095742280476,0.2612154075488308,0.04668767556638456,0.39418038280350387,0.0662229029566922,0.22705170405364705,2.6759545208093423,0.7241670152519629,5.642411662785977,-0.0013726003398281674,0.4329674025802289,0.8103958933697334,2.5271340820630304,0.04896493812961829,0.09214854564310779
187,2020,0.648517753718485,0.2800579277330394,0.05612300648233506,0.39452548540481686,0.055507006054055556,0.2454718491945188,2.479301313608774,0.6965161466583296,5.267241435797666,0.0016182152852909292,0.4177554307403851,0.7966663534540159,2.4349826612263814,0.041494615158855455,0.10513410678133636
188,2020,0.6908467852069156,0.45028853486802123,0.07952434349994175,0.402273713008597,0.08642537424795002,0.40848854348139946,3.0199389952352784,0.7561177950511013,6.730190204113496,-0.006394000406878529,0.48152747723489675,0.8365578062683819,2.8574850395806037,0.06400192230588642,0.16636758273538135
189,2020,0.6557638528496522,0.25255878486727534,0.04665720317698813,0.3982535738981614,0.07833139867075868,0.21854767749151877,2.6876325620275603,0.7228432556289106,6.087309938810127,-0.006713886229342524,0.4440938928144077,0.8091390682899094,2.597729857880998,0.05785931765972101,0.08634332035095933
18,2020,0.6068659059717427,0.1948586881572514,0.04162224759030547,0.3800814057647447,0.028045403357951196,0.16603003067185856,2.148511208274857,0.6592876005118616,4.259707569436769,0.012949324405353757,0.3618178217096621,0.7612622022571531,2.133901365528433,0.02073748163011411,0.07474222331563982
191,2020,0.6936876634099134,0.4063725290519684,0.07147096975689052,0.40351582859530166,0.07937777339496437,0.36816551945003106,2.952324483501249,0.7479485784246315,6.332566885558445,-0.003987382613379121,0.47226016919008823,0.8350244212625744,2.789746165133376,0.05934935625508512,0.14878517149866152
192,2020,0.6720635093789334,0.28936704586306505,0.05224724850250036,0.394715882874843,0.051668383387102626,0.25554562556339805,2.614669421336334,0.7157085665305706,4.98023568857691,0.004269099245642645,0.4157021497101647,0.812376167029233,2.422911788923953,0.03878471938021408,0.10680257899226395
193,2020,0.6589949915318499,0.27253767921139777,0.05001686448113013,0.39964348043539727,0.08431178559344195,0.2368514086022353,2.8023632289454996,0.7295190131565241,6.4938422312525015,-0.009541001893243237,0.45934801910819106,0.815415160757344,2.6992373480274447,0.06214938523027322,0.09450811485841128
194,2020,0.6988508977593593,0.400910632554766,0.06662613208639559,0.40222694715062485,0.08220929744005163,0.36245604150754096,3.0582763219353146,0.7593189685534697,6.29660976949554,-0.004294176539379964,0.4728879605755802,0.8405421803434789,2.794259759621314,0.061109796071663045,0.1470803103067861
195,2020,0.6341187405667067,0.26651556046761427,0.05561601081344536,0.3826392635388811,0.018553219207173677,0.2339688101995837,2.1675670598728787,0.6659163611215551,4.285010997240743,0.017657577598609454,0.3734190774624125,0.7737600421125179,2.1919260993459684,0.01393975297478174,0.10685199303838108
196,2020,0.6864867775090339,0.4692867507063548,0.08423440032973645,0.395470794062273,0.06696309747084708,0.4270677921085413,2.8621799710397537,0.7469776400021491,6.1036338145957085,-7.472753132048815e-4,0.46385379275406374,0.8295411107186161,2.7303257450492007,0.04963985988351177,0.18285842208230513
197,2020,0.5658974520096359,0.05644505182093257,0.014686098090407277,0.3705346061116483,-0.029525861930718846,0.04637462988632063,1.4619930148511198,0.5450242820110214,2.7458305843395077,0.059705832444201995,0.2597204459210583,0.68729939192616,1.7016820726440387,-0.022546409412560354,0.024919711692627834
198,2020,0.6690110137555679,0.2672979177630199,0.04729034209215534,0.4004500513882558,0.08138614054349626,0.23274001711240894,2.833204087239333,0.7337748632441827,6.44558446885438,-0.007833826675361581,0.4645117763332697,0.8207361464868421,2.7349093996971483,0.06027649687937531,0.09240336146546918
199,2020,0.6146731692255778,0.07072219830270893,0.014390984537156995,0.39192370069259447,0.05496331911957276,0.05796743886948008,2.256068776801648,0.6676822180503039,4.711713845139332,0.002636614903441271,0.3746507919019223,0.7671841223924669,2.1982130529640433,0.04083824914342717,0.024704121063506636
19,2020,0.6402787073623597,0.2640930687035956,0.046989279742000456,0.38957540003750624,0.08734573394261963,0.22646057336522668,2.8249126998731837,0.7407218153194193,6.943065277457603,-0.009534964398043036,0.4599598475750101,0.8089761568935412,2.703428330318076,0.06258864716171555,0.0901523029025637
1,2020,0.6123731163504127,0.2592686628482171,0.0549808864784408,0.3948314976704928,0.0917939202644171,0.22135662427161568,2.6552684022193835,0.7061957430112286,6.036194156725068,-0.016728555423283584,0.41898902270244304,0.7878370283629903,2.44227575407018,0.06639189015866295,0.08960614005774899
200,2020,0.6813812816319315,0.4540304048667647,0.08316238023144501,0.40172259155348367,0.08943962630741141,0.4099708853517036,3.007839713154943,0.7517171208724879,6.958422328494235,-0.00904140939195562,0.48487670886395007,0.8327517574858714,2.8825656583867745,0.06596036641253944,0.17041540255949628
201,2020,0.6867812639981681,0.39914953977203516,0.06902169089204857,0.39428401839359506,0.05986223442887518,0.3607256498438429,2.807773429686372,0.7421171222568695,5.873458496094309,0.001673762940380259,0.4568449490078304,0.8273166334567535,2.682189821021904,0.044539227031435924,0.15031505377673546
202,2020,0.6272390252948233,0.12598546769008753,0.023891162968318676,0.3936903011264763,0.07662101653745246,0.10474022886710449,2.526594446592993,0.7050446940477144,6.1472502904645125,-0.007683849968697171,0.43218968778241396,0.7892309575242074,2.522303059606279,0.05603634075481942,0.04196476425575522
203,2020,0.6885862438770642,0.4585592070311387,0.08334327284633185,0.40318988929718613,0.08641999741464775,0.416371448051365,3.0130574652088735,0.7517255393622194,6.097155097653412,-0.007321160069867799,0.46043508070392775,0.8348113353647031,2.706690202560319,0.0641440129482012,0.17341109097490806
204,2020,0.6513388245392677,0.27598616752729377,0.05374700762825774,0.3884293375087764,0.03569256760979763,0.24264269748175515,2.374900660336206,0.6909609588321626,4.702926286533533,0.009694967826267581,0.39765390373956133,0.7927965855743389,2.3203502312319335,0.026772501462778195,0.1056756747631992
205,2020,0.6641162308768157,0.25973085561342657,0.04593916456039833,0.39641845102762857,0.07263281890321537,0.22560474687747606,2.734704847367976,0.729177237425016,5.879709719836436,-0.004185470534133112,0.44104315478664374,0.8144417593156091,2.578093760058688,0.053686572060743384,0.09025824251176591
206,2020,0.68559567908931,0.25778786064926457,0.04092279115422609,0.40204286647544923,0.09420792252621991,0.22364401556953512,3.010604662254165,0.7600275676293688,6.994487070776287,-0.006756837178756857,0.4791686025033142,0.8326722826537927,2.840014272589483,0.06922929808384916,0.08482012540750829
207,2020,0.5913315560220662,0.11600245039438566,0.027704586093549206,0.3784855150856581,-8.5893589714744e-4,0.09730129726004383,1.7506984360237408,0.5984288860474339,3.4006074898918124,0.035533953328862146,0.3080245552787475,0.7247044713351095,1.8902759704221257,-6.507485421977313e-4,0.04724937368734031
208,2020,0.6843532603393282,0.4122480451876562,0.07483248538954926,0.4017225903594861,0.0796228134218953,0.3722535932124366,2.9181041047091503,0.7435506954260244,5.877022213751234,-0.005999556494418144,0.44984676343488744,0.8298572716396228,2.6353507842415342,0.05925455161172891,0.1516823672435587
209,2020,0.6478839116793351,0.3070883644463151,0.06887099930568111,0.3943175906513626,0.03245829436980577,0.27466487700087755,2.2255108255118676,0.6618580870490651,4.253264377454165,0.01364229115729782,0.375738942051933,0.7826370366789692,2.2037878617223985,0.024793013920948168,0.12639917343623697
20,2020,0.6492283307896252,0.4611027754899897,0.0901927723087205,0.39482098869055665,0.09560082547247048,0.4080306563710297,2.9287969196159622,0.7450889914001829,7.362641964067991,-0.012703307233469208,0.47676864050587353,0.8172890079039795,2.8224008628489914,0.06890322014205635,0.16856156905472197
210,2020,0.6673536361813865,0.2985483930202925,0.05520725307824543,0.399548342901175,0.07225894242459328,0.26278312047881075,2.709950147704663,0.7234421677012204,6.110200481637125,-0.003165633984063,0.45301987942363087,0.8152659541217672,2.6564400144790286,0.053850687671122895,0.10600947392528362
211,2020,0.5844219653277477,0.10654502450130386,0.02595156522359618,0.3788010382867548,0.0027068896666452907,0.08894775175773112,1.743847824774815,0.5952930447245047,3.3868109283399477,0.033041427770106255,0.3035573960345937,0.7207729566035654,1.8717370083512925,0.0020452090771886765,0.04323027696718054
212,2020,0.6945343646735207,0.41254257299001207,0.06770487138759253,0.40446772215584803,0.10542950177117826,0.37045443880856876,3.193820286356393,0.7741590729733899,7.217417787052344,-0.008300700733379934,0.487592069327762,0.8418201406368299,2.903140213650013,0.07715160552724491,0.14478985374748246
213,2020,0.7082920521907187,0.4494843347659506,0.07460868601964996,0.4030243928152503,0.07855461378458865,0.41167861277968315,3.090530035574216,0.7625819514710998,6.1506200313378345,-0.002608596773858499,0.4717764824141146,0.845335573082138,2.786275948372204,0.05870713475005064,0.16734885738156227
214,2020,0.6918600074529804,0.42771944395443384,0.07597594023042879,0.4027573803700803,0.08059626493527577,0.3881547455982208,2.9679535044454237,0.7494423151157936,6.509057711872472,-0.004795283528409766,0.4775244566662245,0.835322740036802,2.8279303701730027,0.060079312850278864,0.15768721617478915
215,2020,0.7197425167327894,0.5575808771062698,0.09368643908984478,0.40457233383112867,0.08199161096651868,0.5166740309043896,3.2291061898556213,0.7736875803056851,6.291204167689462,-0.0033303594895248644,0.48289653061484966,0.8542813694703413,2.867697894926237,0.061315701650712505,0.218126854128034
216,2020,0.6480208763024944,0.2550669985350889,0.05330777692783832,0.3960555884348946,0.04609250426943499,0.2235023540321277,2.36073400831597,0.6773487103885184,4.68093955445121,0.005902387845171731,0.39485603106007366,0.7900727163791798,2.304998649335533,0.03490168188064389,0.09728841943634671
217,2020,0.6176803982213703,0.07061756842304055,0.014055679839726965,0.39310340464383225,0.062413444564338644,0.05783929243122926,2.3022119344257472,0.677869139716162,5.157131235289882,2.2596765632110745e-4,0.39314616296015964,0.7716265795366543,2.2956865029572167,0.04618717445514178,0.023929404618125222
218,2020,0.675458681289856,0.32759591151060763,0.060084990862615234,0.40154746946598785,0.0745531977371529,0.29100012539827375,2.780259802956312,0.7290436259314091,6.0030728807005715,-0.003928770324785121,0.4538691501908726,0.8210523592737486,2.6621260284032653,0.05571924769288897,0.11856345777078607
219,2020,0.6251806621945356,0.10524645316852568,0.020796567484544868,0.3941532026882606,0.06303843440033643,0.08721339517995819,2.372268728292428,0.6833697568388507,4.948695998058162,-4.543171886049144e-4,0.3869313810178818,0.7784134729870217,2.262277562535517,0.046746759114805844,0.03639849037139901
21,2020,0.6364291330970526,0.3565894295679301,0.07144975401564203,0.3916595648095426,0.07710390974327654,0.31249060600726675,2.694053916311833,0.720258234285215,6.467037752075524,-0.008901003659585762,0.4496623855324422,0.8025177706034813,2.6341328439542804,0.05607348271971946,0.130253524973692
220,2020,0.7060659241173627,0.48581244471800633,0.08403865887386003,0.40473629081260676,0.0832516166207081,0.44621896381661535,3.103732269151787,0.7614474435966855,6.086661325379244,-0.00487451500829179,0.4680797167942985,0.8446106669145266,2.7599619024615576,0.06221075509738487,0.18603879925586675
221,2020,0.6477829811133823,0.2926987521082799,0.06207004520620443,0.3908169215427616,0.030546261585979038,0.2598965913243341,2.2741942007958333,0.671269926506022,4.134947278584419,0.011670435298804125,0.3695460215657109,0.7855107014826008,2.1723172006415625,0.023168287271839758,0.11926636884026744
222,2020,0.6871926830033459,0.3555600683991753,0.05992703460704031,0.40037613361140634,0.08232415620364596,0.31713027310066105,2.993469905173848,0.7527082349004809,6.180927866462543,-0.006265349217112289,0.4616789298368155,0.8335199742088658,2.715254911708598,0.060907126898561974,0.12702459844124528
223,2020,0.620159134542229,0.16195034480069115,0.03463892378271016,0.3842923269163642,0.018611544959689304,0.1377650580256497,2.058416742299043,0.6439734436063757,3.8814864675375715,0.018158448626282457,0.34588866021619735,0.7602673384539382,2.0575834393286034,0.014043182517336533,0.06313093750044049
224,2020,0.6608372064800141,0.25309762998252394,0.046449723413350755,0.3997872005989117,0.07795248594563015,0.21948550814693968,2.7008816455557003,0.7232598557404943,5.882505133402592,-0.005380114946475769,0.44091669483861357,0.8114053142204027,2.577284425301655,0.05782148386362432,0.0884367350767755
225,2020,0.6765924144543107,0.34387894871108166,0.06264931481832635,0.40004193246506636,0.0720928302022303,0.3065797414559138,2.80323145823868,0.7312652437794466,5.497974299585562,-0.004701737651635908,0.433685361860107,0.821869154300064,2.53160569285153,0.05380160056762239,0.12475123789407225
226,2020,0.6899149736211387,0.4203462178597256,0.07466605944662102,0.39526238567815464,0.05469723104404235,0.3828799671449261,2.7636129903722964,0.7365149226971661,5.55651592679027,0.0030793716836956305,0.4463873015352041,0.8266288572789795,2.612633896487798,0.04099708882530403,0.16300085703417874
227,2020,0.7067001834109187,0.49647060406322896,0.08701753206162151,0.4022217988089271,0.07143968736260965,0.4578617681975319,2.9936042372728164,0.7550751395313668,5.914568831749198,-7.940024790748964e-4,0.46533836440217446,0.8417275399434384,2.7406835778739276,0.053637362692934336,0.19567889410521117
228,2020,0.6327260731088372,0.09102517198103063,0.018107845361698956,0.3983318722612106,0.06214153254846934,0.07523723115550657,2.3403737967286578,0.6766770039953893,4.6610817396056765,0.0010578095390473526,0.3790189470854542,0.7795978290056218,2.2207101820789745,0.04660951906441561,0.031575624310356314
229,2020,0.6546838454990107,0.1391490529791024,0.024978402725670326,0.39553733867970275,0.05686285162392017,0.11698899882463132,2.5514498304746036,0.7018281948760361,4.942794960940105,0.0017887006398735145,0.4061675967363255,0.802485492305514,2.367953633058917,0.042562534895620785,0.04740179415787536
22,2020,0.6315182824728671,0.2509599808617628,0.047405733574087075,0.39273325373849577,0.0907914681832591,0.21444504285817506,2.7914721624090126,0.7287114434310134,7.139856140846121,-0.01359456314032941,0.46150958442083556,0.8041211094697901,2.714086531788933,0.06537790173715571,0.08435086134212808
230,2020,0.6458621759283381,0.0953593463614143,0.017483299157179197,0.40022102538074733,0.07592115224321223,0.07881520666397845,2.6544658860769306,0.7041098430847609,5.586589000853195,-0.009998299021548867,0.4211662197634967,0.8028253474693388,2.4552233616753125,0.056482282805789916,0.03043842913776956
231,2020,0.6016444843137497,0.09645522620737346,0.021760865915242022,0.38837950024490364,0.03396835201189026,0.07996672934002363,2.0290459576144695,0.632513363969855,4.076961415422616,0.0129767880332729,0.3449513139581787,0.74894045844769,2.0532081700448,0.025518404993442573,0.035540668193438096
232,2020,0.660150152712644,0.19462980918446723,0.035243034936817436,0.40182879307373354,0.08053949587064498,0.1660733227112367,2.7644607165400648,0.7201423858608169,5.7691670642807065,-0.00876229997950386,0.43469940507284927,0.813671904489897,2.5379407309092543,0.05990172232323937,0.0643414239329962
233,2020,0.6041717464675634,0.1616286599060331,0.038881711290325895,0.3863169455514911,0.018046097552019223,0.13773130930367444,1.9306965815174526,0.615895379931146,3.6909327678522503,0.02093526355889665,0.3283019512498876,0.743852127433056,1.9775283756169546,0.01369586957247598,0.06489546585582334
234,2020,0.6013725066867052,0.14681719174874538,0.03497267544964126,0.3845628721669698,0.0149198346445301,0.1244149131621618,1.9116815036976669,0.6141012928554707,3.761759750355445,0.02231062031530509,0.33305873305984796,0.7417406772341001,1.9987648075455944,0.011306537259992212,0.058509034754943456
235,2020,0.5651009873409957,0.07507595577448037,0.020037873700741164,0.3786334185385154,-9.635079547160366e-4,0.06198201202218606,1.6143543816107149,0.5645890026316949,3.249713717835064,0.03833370611715444,0.2889253789471834,0.6998806330297218,1.812644328437431,-7.303363062070203e-4,0.0312600612968822
236,2020,0.5789551928905463,0.09701232770320545,0.0249920259136175,0.382674888980717,0.00894791729430981,0.08075119053976743,1.724363225138158,0.5832823275304214,3.3717365107378026,0.030715570799088755,0.3003437443809084,0.7156153405428501,1.858546584751533,0.006787552059953999,0.03941225017934954
237,2020,0.6430623329092549,0.10543926661757823,0.0192307610647812,0.39923220661819864,0.0810606713675648,0.08730813849397673,2.6649380102857125,0.7107820860884059,5.982135359992691,-0.010127617335950825,0.43217615300028794,0.8019598386369843,2.5222191011660953,0.05987088709662681,0.03362535710359996
238,2020,0.6305765004207261,0.20909146725267247,0.04656631313686472,0.39056776484815986,0.026024587480073302,0.1813041123446319,2.121086853069576,0.6447274903638353,4.055179583208011,0.014949876049795908,0.35943009065479453,0.7687248473925468,2.1222197153225824,0.019813102117077753,0.08225658197475524
239,2020,0.6786801568738287,0.26493002891587064,0.04609484485919539,0.40306832647142427,0.07972380057038328,0.23144408365123897,2.8667336749814423,0.7345112477658574,5.919095927706846,-0.006544276309247332,0.44977345259652307,0.8253028473821905,2.6348664190014355,0.05952288698067142,0.08992356492762175
23,2020,0.6459108398858882,0.30797161500203596,0.05345110062396041,0.3886874263720711,0.09172974207200385,0.26619628221675035,2.94312584539634,0.7523547093103519,7.503942657115735,-0.011029941858815041,0.4770794167958637,0.8164560377215415,2.824672549214314,0.06531689298868536,0.10551871276110811
240,2020,0.6032565352548429,0.10126951738977086,0.02328872319996501,0.387869959155,0.02538422260701699,0.08428749802485253,1.9553420853846002,0.6215887209844067,3.8319101155530952,0.018250760935398534,0.3355852710645083,0.7447030357716389,2.0101680665694284,0.01920407427516767,0.038445581783314656
24,2020,0.6528844326845337,0.34817835991396007,0.059896005518586475,0.38995534255380615,0.0952573978406069,0.30354112660622645,3.013645493119334,0.7590861816768344,7.574066865082058,-0.010172715137765742,0.48227877317638473,0.8217556056198253,2.8630828646347712,0.06783087022092672,0.12091734392948114
25,2020,0.6237654245917909,0.2993812119669397,0.06257722622211377,0.3980191009697987,0.09791755238666032,0.2581405192362141,2.7357788085356263,0.7159193386573337,6.2378506733030825,-0.01766991897668392,0.4285486806789381,0.7964760756616016,2.49986067470487,0.07099450425103748,0.10402676810333615
26,2020,0.6068072050327503,0.19959017576756966,0.04205779651141867,0.3953236248677863,0.0946028003352407,0.16806160693089278,2.6288770532189725,0.702901510193369,6.278363797674482,-0.01916012657440621,0.4212046046294239,0.7843332583532089,2.4554525070461066,0.06833295500380009,0.06713114658904148
27,2020,0.6517859080416963,0.5194168163959632,0.10650912302567378,0.3972162329448515,0.09625401231857697,0.4611842779444026,2.9182800210781843,0.742385025735631,6.997855140607221,-0.012560976586926866,0.46872459528672256,0.8175427341676261,2.76452586032921,0.06975327934836617,0.2009507808606098
28,2020,0.6293341696791701,0.21889181328076712,0.0422431092426261,0.3907016926564959,0.0720791296801161,0.1865329271240005,2.585720752105855,0.7098658223564411,5.610345218486563,-0.006057339100105285,0.4168825679961504,0.7932358645889909,2.4298408694919558,0.05253611826140326,0.07673042937906514
29,2020,0.6459195839085721,0.5067748921167627,0.10392736816776352,0.3966634953350572,0.10069817481115406,0.4478116278736852,2.9361619010708817,0.7431545367031107,7.354730017402828,-0.014880923674024783,0.47308682625005694,0.8157296082140949,2.795691775490015,0.0725780979900435,0.1926803143500911
2,2020,0.6048603140837605,0.1807379088049263,0.037057344062502544,0.3931406059254532,0.09587416027341629,0.15127891196619547,2.654819214000021,0.7085818480619114,6.318808408908371,-0.017829329007523313,0.4220996226878642,0.7842914940000394,2.460804108317374,0.06878896652345717,0.05956677363880057
30,2020,0.6047425747304233,0.3494114899383987,0.08369778638328275,0.3907387936530114,0.06609025788689654,0.30457408186505247,2.3867879814949924,0.6769812683580096,5.385931884024919,-0.007276839737557012,0.40185615215644477,0.773308134997272,2.343677289686177,0.0484462313540475,0.13841952470699273
31,2020,0.6290995007356298,0.3307238785466355,0.06488341815743148,0.3921457650247467,0.09355593678670214,0.28623463200537175,2.8066074296173333,0.7310575780455428,7.43098000374054,-0.015234732725875824,0.4670662236363336,0.8041156125724496,2.7528114912259354,0.06709773715212165,0.11662857736849017
32,2020,0.6583432575841507,0.5314866901570598,0.10262173290660886,0.3930773300631196,0.091497730469488045,0.47285970491918744,2.96489301854331,0.7530548438093257,6.874360869477439,-0.009841594895089005,0.4682453688902177,0.8220154763301494,2.7611332050384982,0.06590152704085113,0.20553692980649116
33,2020,0.6125216635646208,0.37408315248530966,0.08776906447567923,0.390457894903801,0.0643425296739584,0.32795290591797777,2.4346284131379097,0.6835228043707839,5.449877289767135,-0.006310455376543051,0.40864192674203154,0.779723729733416,2.3820456512606683,0.047208578044842624,0.14914319634906498
34,2020,0.6334823435468081,0.16475054636066147,0.028593502596751107,0.39020379616631146,0.0944307588568277,0.1377234842588973,2.843670114927506,0.7406899204893488,7.356195392460294,-0.013012912225889954,0.46487239517989565,0.806518313466597,2.73742632969261,0.06733590093774042,0.053693306987699065
35,2020,0.628090615344752,0.2560995518729357,0.047071789317432056,0.390833293434836,0.10146928516102495,0.2179312372898119,2.897944233831035,0.7418448199194266,8.402308630408653,-0.01778988116465653,0.4848816071715861,0.807564689852043,2.8826025780566544,0.07200849889548093,0.08535763521053208
36,2020,0.6353313252139514,0.3357085235269346,0.0637261934499171,0.3947044867317003,0.10630856476606615,0.2904346379540455,2.946639653728348,0.744231543351027,8.050166703400794,-0.01785048164476497,0.4807225023592542,0.8117238010076224,2.851505233881075,0.07585671634033961,0.1154699964844027
37,2020,0.6330474664691782,0.24144270610767288,0.0473619284482564,0.39747494255446786,0.09163776786080219,0.20653150631752099,2.743333867377466,0.7187910834758202,6.086354012547209,-0.014266045482247292,0.43032069973254217,0.8007565326656007,2.5107471854094454,0.06673223955537695,0.08190081769195431
38,2020,0.6349731826820725,0.24010431458652087,0.04839726199369726,0.39834731126825484,0.08227872273882599,0.20622320045050996,2.655188634691299,0.7066907432961226,5.672886436944081,-0.011469967100296111,0.4194418077751962,0.7978557651224228,2.4449604308151076,0.060567591857771184,0.0825119964585374
39,2020,0.6866521387495016,0.574725059273417,0.10562115658624688,0.3989765105260741,0.0921323848476975,0.5197846134290218,3.1179174193510995,0.765814822614137,6.761468713583422,-0.006997698192832368,0.48071479704948283,0.8385157761945725,2.8514480840898915,0.06731538762694202,0.22602114985672858
3,2020,0.6231687911201457,0.2952955109233855,0.06028438382618388,0.3954442966526101,0.09611492008292828,0.25407857364104075,2.782250131843991,0.7200374628129459,6.27754587135911,-0.017361635638999215,0.4316236938176166,0.7983061918356168,2.518795520230975,0.06935056949528584,0.10128013081679288
40,2020,0.6491475608775503,0.33497559846286434,0.06551524876497271,0.3991186890683643,0.08936502084887704,0.2937676610106437,2.8016727727461608,0.7272920596484618,6.291632936362805,-0.01138172510059882,0.44615949758088025,0.8108708709401443,2.611147959140223,0.06548264224966117,0.11924230059955693
41,2020,0.6617273511720727,0.42074352550425664,0.08135286933307434,0.39840741290691656,0.085768351716653,0.37553023356118803,2.862910692533495,0.7370667379614808,6.488652610187501,-0.008991178033683737,0.46107360012236687,0.8193832547051767,2.7110818851221867,0.06294297869835051,0.15595670054538519
42,2020,0.624545035206718,0.3655571314458278,0.08088597333687801,0.39106996325966853,0.06462170918505483,0.3214611733887968,2.466497642990009,0.694401623421931,5.517793298960997,-0.0031878588308322598,0.41557810348582985,0.786066447950851,2.422185260218954,0.04747528482416775,0.1433369210693545
43,2020,0.6357692365159637,0.23216430176719402,0.042923028114437406,0.3938925820615956,0.09248230565909202,0.19774345163243062,2.8012846750271847,0.7316280681694881,7.1462657570071055,-0.013870012405006177,0.46249466474371065,0.8060525503975928,2.720893298754653,0.06668866668571348,0.07756407264897668
44,2020,0.6539801630059949,0.3818379651714182,0.07168115768618054,0.3957610250358494,0.09061233453110332,0.3367792176181481,2.8875331843535443,0.741784046397122,6.996456151567002,-0.010712981735964404,0.4702404347991906,0.8173354246924308,2.7752975715349,0.06576274494518478,0.1354831342677536
45,2020,0.5498621258109957,0.05588761824827141,0.014137333469521576,0.3690794599232767,-0.008164620460816384,0.04565202670083862,1.624221666774957,0.5754509410354568,3.2150962006773365,0.037513732684670946,0.28468740027137146,0.6956472521924917,1.7959803878175071,-0.006076398911191688,0.022732766674551853
46,2020,0.6279896581482439,0.13859197686959418,0.025492089780388215,0.3928414087679716,0.08639469143688816,0.11534786293575044,2.7081835341467713,0.7200527288251523,6.850876401403036,-0.012865223666389846,0.45172555387915664,0.7988099009753924,2.6478081627739884,0.062480813946637355,0.044689235333534805
47,2020,0.6362968620287262,0.18133575206187658,0.03180488512981215,0.3912537768949207,0.09184157178684654,0.15241543426349868,2.8521351100957304,0.7379173993157809,7.595971954651975,-0.014015051834349127,0.4739522569057419,0.8089137594957633,2.8019362809843606,0.06582156746195912,0.05847290646678452
48,2020,0.6540151692474063,0.3433287255729144,0.06161989452241212,0.3966528596067819,0.1030833921066679,0.2997075970648093,3.010565606410934,0.7529472809303245,7.588335259250113,-0.013268902448641257,0.4812143612642834,0.8213740554585668,2.855156832933947,0.07413459861631767,0.11688364118826106
49,2020,0.6076780590690594,0.15497557720668198,0.03321933518004984,0.39291923343545826,0.06917996402123114,0.1299075099619868,2.4039931694305725,0.6774549075145657,5.178065741614507,-0.008522140062098806,0.392399061879041,0.773980712606708,2.2916341541293788,0.050846703729990506,0.054056692046670025
4,2020,0.6125870714919507,0.17470995033137854,0.034736990248459304,0.39419249720196353,0.0971731376317111,0.1462113044723245,2.714853395326826,0.7146073687117657,6.572829857137507,-0.018009702939268932,0.4334308545496062,0.7909123668865043,2.530019267833763,0.06982475321383987,0.05717193482001719
50,2020,0.6097873953044617,0.1703071425824212,0.03534583614142339,0.3915242125180535,0.07394148534378146,0.14303803021731537,2.49049069022061,0.6903994308863318,5.746654839106934,-0.011033371477785563,0.4126386044668239,0.7799919975491054,2.4050586490869117,0.05391333180945521,0.058460983582048626
51,2020,0.6298001769070304,0.21364784932627154,0.04139797356473971,0.3971226173346611,0.09524029486768729,0.18123230812488822,2.7610963999887765,0.7208893408938377,6.578988475597656,-0.01647226701673324,0.4429465877561167,0.8007525588037034,2.590319987348684,0.06906625943332378,0.07093608602324251
52,2020,0.5832789588802593,0.11961803680404917,0.02801831452627664,0.3881819338723792,0.053565754546264846,0.09929123992239647,2.1637916677846696,0.6441412533270123,4.663198246536342,-0.003431253621062585,0.36388116696191997,0.749716994286896,2.144066636807582,0.039472160326732016,0.04370097661656549
53,2020,0.60991772213367,0.23294151524492107,0.050931805056697685,0.39105848611793254,0.0661337987415744,0.19913874913380003,2.3983463841478447,0.6814158481552195,5.411468153518643,-0.006410668519916313,0.40363508577607454,0.7756993450594896,2.3536513505370844,0.04851583027877907,0.08510355115984902
54,2020,0.5684929171734363,0.10048756633506474,0.02501639363108101,0.3848184496582053,0.04039640052946128,0.08302801368731222,1.965066790378959,0.6187728189780973,4.2197603489530335,0.005678732468722387,0.3400158069107125,0.7294885487461079,2.0303756073888652,0.029883379480375262,0.038185768555251035
55,2020,0.5592517619153741,0.05095819778135286,0.012368499051657114,0.38462359940229296,0.052349242556222246,0.04138290479400841,2.0420503228449416,0.6286054767683367,4.6306491112104595,-0.003286906070020931,0.3511471002120124,0.7303838855784286,2.0823627368445132,0.038266296555788476,0.018396850750140113
56,2020,0.6281778814180295,0.14766266025397806,0.027362413864992274,0.39672326132256697,0.10176155717590965,0.12299229515270105,2.836125606459764,0.727916212111328,7.176905660817862,-0.019635968473586524,0.4559037912550808,0.8034982382303735,2.6758205035345717,0.07328478031775072,0.0468409087947454
57,2020,0.5519523329452285,0.08016734035315166,0.02079841532940134,0.3815830565508101,0.0356464458259972,0.06576353610144708,1.875885809527697,0.6044143569778255,4.098629022885841,0.007360490136706356,0.32803057771533584,0.7152951132352212,1.9763259066165464,0.02626780559770726,0.030975077956742692
58,2020,0.5844855295396866,0.03976391938982969,0.008326072819875427,0.38858545691529206,0.07848489470712025,0.032156734602087456,2.408540727974061,0.679851955039005,6.203872081836448,-0.013863060068020376,0.4111046456714171,0.7641434143318891,2.3961891281690604,0.05655728479905535,0.013081506799226636
59,2020,0.596971221584555,0.04728902345221056,0.009176048922574972,0.3906518753325462,0.0982430067694983,0.03828600944074079,2.6613828115068747,0.7106513453671222,7.567706225037857,-0.021461290847313456,0.4467364766443954,0.7828799808419821,2.6149138982989126,0.06989129836702448,0.014735281921459403
5,2020,0.6206507779863568,0.2870127542357678,0.05741652669351083,0.3931936112804536,0.09716969007471445,0.24594941172353102,2.7738054117857525,0.7247125419502246,6.855919880810448,-0.016951606690846034,0.4461927822487935,0.7977342203777995,2.6113649947019724,0.06964556475284632,0.09816824739644081
60,2020,0.6147574406343016,0.073302925454979,0.013802187295916608,0.39325499065614117,0.09165463520848664,0.05985444618174823,2.6669868755928774,0.7126171338811764,6.805666718516635,-0.015466659068596131,0.44167149492268476,0.7905184721727694,2.5821205290656755,0.06603488237032355,0.023389842393805448
61,2020,0.5458339950410465,0.07609096687733363,0.0210867396714085,0.378242046810893,0.012710389766014442,0.06257609290239347,1.6593238104333918,0.5694306027419624,3.37384590819991,0.02679965933526771,0.2884631388814834,0.6946652237177569,1.8108171330098828,0.00949452852354427,0.03140986206754691
62,2020,0.6198275824976643,0.1933376790614774,0.040545796668820015,0.3932752454880403,0.06532190283188398,0.16419335161409288,2.4448664942200984,0.6836860830102827,5.2570035491134774,-0.006861153618935382,0.40145803601433155,0.7822315105747587,2.3414532653351072,0.04822859138381779,0.06751824606352587
63,2020,0.6533242160471127,0.45625376465680384,0.09631388421063733,0.3959211475591324,0.07052524061047095,0.40927707865414237,2.687474632466882,0.7171717721427118,5.819189227588174,-0.00446270167234416,0.43956731402294946,0.8088812641338712,2.5686712250075634,0.05216585865543668,0.18169963516312654
64,2020,0.6554654542692764,0.3544489270927628,0.06628263314273389,0.39698407926333473,0.08906365060034947,0.3119077274479379,2.8566730227453028,0.7384359842052147,6.839654548178292,-0.010348153665626636,0.4659020543491726,0.8164595437596059,2.744631516159253,0.06493073441560651,0.12616379175996684
65,2020,0.6723073170264601,0.5107405175672213,0.09634886325801861,0.39774630779348596,0.09055276261012735,0.45928498158562153,2.99210415537237,0.7538850322153163,7.016067520551806,-0.008995112903188909,0.4809647367456409,0.8289635928355458,2.8533027360414183,0.06605279125142938,0.1945446581269059
66,2020,0.659644477492699,0.3191620275997598,0.055937773997565124,0.39532679250495484,0.09144226835672403,0.27865980042834915,2.9204431443906174,0.7489252254807414,6.874001390463011,-0.008913462974468392,0.4667320115136631,0.8202199488935308,2.7504595122556146,0.06624185208305679,0.11117843099512087
67,2020,0.6497285341036428,0.2612465869136172,0.04821003131094474,0.39734928091939736,0.08740491953825441,0.22543316751883813,2.808133707064249,0.7301690654245411,6.6415082934607925,-0.011592172248242069,0.4577993603752848,0.8121578416812419,2.6886714139332297,0.06387736767291935,0.0887098627924973
68,2020,0.6545210052338364,0.2779168563918338,0.049012126488524856,0.39229969986673485,0.07797352960814186,0.24089804208901977,2.804994467583345,0.7368225355752196,6.192668163807906,-0.006489703093107556,0.44740413906969095,0.8139478573116403,2.6192815426321685,0.05675277068063727,0.09590623377648529
69,2020,0.6245846808157806,0.25376240787216564,0.0521430715254597,0.39208674393286935,0.07072811056321616,0.2182281202988069,2.5130865230995734,0.6994548712551727,5.853596859060532,-0.006509056778948739,0.4245186371975917,0.7883003114514875,2.475351469699464,0.051799433117840285,0.09148177171375267
6,2020,0.6097070134704541,0.2173847884760055,0.04392762180325799,0.39342239610112034,0.10085113038654457,0.18325905578408236,2.7364846740453523,0.7182202943065696,7.010213213729774,-0.01978684625712733,0.44197028340459554,0.7910400821440111,2.5840385207479657,0.07208439410376762,0.07205773266552323
70,2020,0.6431995631386817,0.1493641342568917,0.026566147982259328,0.396696608141009,0.08893966850019172,0.12497295515040557,2.782939134305573,0.7274030026040715,6.7702079090796,-0.012223815820478599,0.4565299315789898,0.808016885725037,2.6800554735438697,0.064800770591462,0.04794635204346614
71,2020,0.657218528366142,0.379328424773392,0.06956432253822231,0.3953875162595772,0.0912154354557101,0.33458725065110645,2.934288554121631,0.7463221035657303,7.342507734051054,-0.011175303210564057,0.480944443920912,0.8207531328350495,2.853152088589265,0.06610141920198818,0.1343974629160617
72,2020,0.657036959333984,0.2894107488867566,0.050744286741317646,0.39817967700867096,0.1021351701079795,0.25052292305569457,3.02065101964137,0.7511574160394071,7.473066692226997,-0.013324155592580055,0.480312134007339,0.8227933494845426,2.8484639162774754,0.07379884091864441,0.09620253694452667
73,2020,0.5344722010939488,0.060739144822225984,0.01733362546714402,0.37706782690266244,0.012682630854226959,0.0496496141997404,1.622571588432856,0.560693857403219,3.3368424614561083,0.025920097881115014,0.2817264048166209,0.685655369813347,1.7844542990465764,0.00944464121316682,0.025314325849075347
74,2020,0.6100426999342738,0.21613524448589883,0.047788133810475975,0.3896460500295771,0.05414640902100943,0.18474666140368834,2.323614633232374,0.6690811241653546,4.943008547157406,-0.0029756874182947897,0.38815453203025907,0.7720374001624717,2.2687992388609324,0.04002847084195056,0.07958386015614002
75,2020,0.633564639354975,0.3576228644921298,0.07683517824085723,0.3933277333284063,0.06704795415407631,0.315242361156303,2.5340640725547354,0.7001050081888365,5.614531976633212,-0.00538729117719659,0.42207285589664656,0.7932549691114494,2.460643820602983,0.04942949326515794,0.13761204129283322
76,2020,0.6341450690950055,0.2287680249302978,0.042668368214176244,0.3902626790821709,0.07616993007278236,0.19521763301321604,2.6536142625808568,0.7206906345692514,6.226806636468791,-0.007630981089582556,0.43747700833531444,0.7987632133414988,2.5554102314669134,0.05524458572020358,0.07914531124090496
77,2020,0.6918267100693082,0.5821227854150575,0.10435017068676478,0.3996406332594249,0.09519796756238202,0.5274230142208406,3.194565704070824,0.7720788944250169,7.026234972974578,-0.008115361037073993,0.4902995414250435,0.8432467754739743,2.923873259976438,0.06947597999349558,0.2293290527263043
78,2020,0.6459063060765845,0.2597392263277834,0.04829475482824048,0.3973546758380771,0.09127199535695177,0.22360237494944296,2.8139414946761008,0.7309779091259513,6.978170213339733,-0.013581317507164587,0.46328967429130963,0.8106722612607496,2.7264049231009904,0.06646803781726866,0.08796093613116872
79,2020,0.6394702197930845,0.18936344547750456,0.03508753508504642,0.39718840363350855,0.0900106682335757,0.16011093205067933,2.781089094748266,0.7238010558680568,6.716827235065305,-0.014259136926810332,0.4541528663129793,0.806541479734119,2.6640294994143274,0.0655978783833669,0.0625133584495394
7,2020,0.6071295882442608,0.1958432827075032,0.038441483966818984,0.3909321006448358,0.10298151809372562,0.1640040297811079,2.7806628156354685,0.7246052244484031,7.524981165862858,-0.02080594832241417,0.452378230646631,0.7921784861477945,2.6521557613781446,0.07299991982740248,0.0637069877695139
80,2020,0.6524340592893209,0.3202678826759595,0.06038159864081101,0.39940684894518624,0.09455750397132139,0.27975585220545873,2.876881978172208,0.7356991535769459,6.849696961416721,-0.01293682294054108,0.464076028643068,0.815693513050729,2.7318726291270434,0.06900855289608784,0.11205608042988177
81,2020,0.5947997040359452,0.16799867090510373,0.03851502275426814,0.38937388211882173,0.056245803767789586,0.14143572133575805,2.2351148070423617,0.6566583971468627,4.9927315770635525,-0.0037788935893289842,0.38214045100023764,0.7597938418838406,2.2369816137627896,0.04146884539154568,0.06162191144481118
82,2020,0.6405266853319275,0.16894538690965355,0.029183637386489894,0.39217268478704276,0.09121076639249918,0.1417067713264753,2.827171109399101,0.7388362282096227,7.136787030592249,-0.011728386563803537,0.4619960253390729,0.8085234514599113,2.7174446550520095,0.06556088381694701,0.05521343261586669
83,2020,0.6861180724732406,0.46032064544428347,0.0799170284862031,0.3986233585549573,0.08794771703583554,0.41585475282193607,3.0730692649777027,0.7618364121275242,6.709013894317836,-0.006755861670081882,0.478709891560354,0.836604935718969,2.8366352394188126,0.06444797630088879,0.17278826489288543
84,2020,0.6499609230551189,0.20261901647958078,0.03592553348040807,0.3983966324140669,0.09494399887867855,0.171999448421069,2.869231292923277,0.7363382047781508,6.965526635467852,-0.013476001981439605,0.46413645855661656,0.8140762297593327,2.732293476456468,0.06909096622279691,0.06664287964352646
85,2020,0.5396734093389469,0.05827140299744329,0.016562737597361897,0.3767434019539145,0.005512437130960626,0.04766331483168729,1.568748952175406,0.5544370947726391,3.241750560371838,0.03412368074949362,0.27819120001382,0.6832955085483671,1.7708168701161482,0.004130777981624702,0.024455050970748828
86,2020,0.6172476844188542,0.1771437914804057,0.03807928431444607,0.38996330024593856,0.0458918193122283,0.1504416413443988,2.27776883035527,0.6635585190703398,4.705104666195095,0.0016588553693115274,0.38266059873904457,0.7727285137062083,2.239708976804123,0.03422175215990354,0.06432905200594652
87,2020,0.5876478752223498,0.09176601415647248,0.021084609816426597,0.3755349414447706,-0.001935652519851484,0.07612664340907271,1.792079899665103,0.6046468741681187,3.4087968055246853,0.03160113851692926,0.30898658401735823,0.7275734171395414,1.894299812046254,-0.0014566298406211886,0.035972993151631695
88,2020,0.6650711135677916,0.4188894795351897,0.07966333808629637,0.3993156259483965,0.0886484664322607,0.37402264484467823,2.9092739122960545,0.7412418305013644,6.771677930457044,-0.009767572910500101,0.4698611781943853,0.8225299376757084,2.7725967571817205,0.06503241212247869,0.15347357618639998
89,2020,0.6857818473203299,0.5719095427007227,0.10799019421999015,0.4010588427784672,0.09261823573643484,0.5176186295987169,3.0934853720883626,0.7608022029118748,7.05739405121752,-0.008656122748695257,0.4894217243801921,0.8378367023639115,2.917127099800973,0.06799330494351764,0.22325908343453274
8,2020,0.5995168549310269,0.13728274900022927,0.026797356331765495,0.39007070149006234,0.1055660435078924,0.1133638364091889,2.767464383521959,0.7227838087789459,8.220188813445587,-0.023228411730764186,0.46096916474669086,0.7888284237605104,2.7103628757344302,0.0744925567974177,0.04343215925953607
90,2020,0.6524901739621406,0.3000041253538626,0.05535672428100831,0.39810148442375165,0.09301313752034421,0.26087249648439426,2.8776907444882176,0.7372817551411307,7.093457766555948,-0.012633978277438253,0.46992172716973346,0.8159847417255789,2.7730276876305946,0.06775521143645974,0.10259335522934261
91,2020,0.6410862538514785,0.11177286738469094,0.01954799692629012,0.391375694522018,0.06906867340420077,0.09265802410276097,2.6233967415883965,0.7158262422819522,5.693154481042314,-0.004389791931858656,0.42472587478850493,0.7999821694544408,2.476603435387809,0.05057074572619741,0.03667897946824139
92,2020,0.6609919001996346,0.3224959037107087,0.05751040737480898,0.39619157995799764,0.08672669459112652,0.2825369426988754,2.8909565221696156,0.7429801267632649,7.039379009988946,-0.009801912757208282,0.47473595213848235,0.8204594637536129,2.8076087791321416,0.06323648130778825,0.11137917569420419
93,2020,0.5487420429730057,0.024660617977775957,0.006291081096283865,0.37342965361791564,0.0023937609045733034,0.019911456355810098,1.6343998538481137,0.5747863823140605,3.3162636660327736,0.03296745540436573,0.28486024675586086,0.6939172169121827,1.796656165354056,0.001783533258691173,0.009689482038619981
94,2020,0.6566245629043479,0.25227846007338095,0.04455761166005208,0.3989942874556194,0.09602624809639482,0.21706585670559309,2.9271401540563917,0.7422933615519429,7.213768705265606,-0.012716605488898303,0.4745657641199739,0.819498700598392,2.806375495594211,0.06991424612832428,0.08292150949863113
95,2020,0.662771148543993,0.3483266089782733,0.06385719785039001,0.39748764244929463,0.08413523628757115,0.3075108960854273,2.8643403154460008,0.7385327454125811,6.711836407963219,-0.008581948034885073,0.4671309531300769,0.819878959489436,2.7532673585527543,0.0616947325379436,0.12302591873617015
96,2020,0.6416805443772229,0.1539005035094004,0.026821841340322672,0.39196720060758206,0.08083054094479704,0.12887494908006497,2.721551682331562,0.728820003410441,6.349824392278676,-0.006768669720173013,0.44298388078562556,0.804469225830715,2.590560364430451,0.058626990369893384,0.05016500973957891
97,2020,0.5391478873630374,0.06698505187938035,0.01865872711980209,0.37594732141531173,0.009608800888089337,0.0548850696203631,1.637209445925532,0.5655865212749919,3.4168379569985694,0.027504829871180404,0.2907975506005019,0.6901804474738399,1.8200692223968724,0.007156044901178856,0.027913909871427858
98,2020,0.5866659495980696,0.06935325548663293,0.01532139168646102,0.384990086268357,0.044757558419548676,0.05674384585104736,2.136260640473266,0.6455531223907198,4.773901317966735,0.0012576839139674845,0.37198231265031845,0.7504885022476308,2.1846236822409684,0.0329860571732441,0.02454114005920231
99,2020,0.5621045879477063,0.06407549283514713,0.015933445123449783,0.38010687535683996,0.024685463096932286,0.05239967215671104,1.8437499745536499,0.6031079545379269,3.9404241435023324,0.01578960176694375,0.3260667139830523,0.7180414844570431,1.967652795160655,0.018314135571227283,0.02479427197549019
9,2020,0.5996447721479121,0.13960221008747334,0.027722178541689926,0.39041374296907166,0.09947173740830263,0.11548701048167409,2.7108598150418035,0.7151660318251596,7.3959134908941495,-0.02145400000101728,0.44535107797118934,0.7859718740372366,2.605884588550795,0.07064325893952496,0.04475001227556487
12__2,2022,0.5190307455717332,0.3362488160700038,0.15894279563674646,0.38805202463806987,0.020963299746383834,0.2955624062980252,1.4878426171279961,0.5035039455684562,2.5348774302862633,0.014313393271775027,0.2152035600830322,0.6597667548632012,1.5484315400457243,0.015935638257907513,0.20065262828102265
7__1,2022,0.13329937062471742,0.1942015348667618,0.4668505835800685,0.34574058442978456,0.003771057715275099,0.11407218291038068,0.28901795507424716,0.15381578774658008,2.493419460004094,0.003513939471276585,0.08026729547607721,0.21371957478099177,1.1745448326046546,0.0025978188718955727,0.31758818948898643
5__2,2022,0.30143544330695543,0.3246970858435724,0.25614617855431576,0.3532372009230478,0.007514173318371533,0.23696928414588592,0.8227125033988625,0.37192566402022564,3.1969084402521704,0.01780601948758674,0.19600189958506326,0.4596816820861943,1.4875680663521675,0.005268979078458013,0.26264837756923193
1__2,2022,-0.389786195570743,-0.017227046035955665,0.10876777915037711,0.29575781705457865,0.2096820069734104,-0.009205298819631502,-0.003147282442435384,-0.11623183095807495,0.9546289829419126,-1.1876305874564366,-0.030838489018405378,-1.598496111422911,0.9401681459376421,0.10253123101870182,0.021647707234328142
7__2,2022,0.5504892267025521,0.3618555345240576,0.16105232118662063,0.3976582904438015,0.03592116296790689,0.322522283857718,1.6160808901692454,0.5299650590246342,2.7625062742297475,0.005637814381720139,0.2391225766688679,0.6879753271695056,1.6285442814743691,0.027578060507319858,0.20545693438874013
6__3,2022,0.5701444235498655,0.37951712394625553,0.10634326112841738,0.38199857135396736,0.043843694732430154,0.32895322016282413,2.007133912314319,0.6367310738616905,3.607902868921564,0.014817185160549024,0.3064077956386848,0.7317665755431442,1.8835387529213545,0.03208953377825571,0.20557222062529912
1__3,2022,0.4617067213333385,0.260220521645989,0.15171470182155766,0.37544647979973733,-0.0071151032379847745,0.2256294779631126,1.1186660800778494,0.426909740929249,2.1047445628052426,0.043280979629082006,0.1697548227029166,0.5920879673193549,1.4089269708390584,-0.005380967064409663,0.18625130186433075
10__1,2022,0.5058668925129753,0.3570372970451452,0.18023969637511644,0.39027413980975584,0.032375270517241476,0.3099577689090435,1.4624276045088311,0.49968719997047606,2.7078170589466954,0.006439857554709171,0.22286340652531433,0.6505314163624244,1.5735501542370076,0.02447798046517339,0.21143808767157843
4__2,2022,0.4697622272538495,0.2215628211717699,0.1426058679778066,0.3759976620004879,-0.024087118529943437,0.1967261474587838,0.9383185623486379,0.3885426330051029,2.0511508660528714,0.08805638805145272,0.16823858122519342,0.5723846014950815,1.404535669550556,-0.018560468713036953,0.18372835942951848
2__3,2022,0.3418868816932961,0.11641204012935277,0.1049794162844444,0.34723425729042634,-0.06670240920791237,0.09735243576160546,0.5366604626379443,0.2739216584632283,1.5962106255397572,0.19319695107551196,0.11280375161965217,0.4435917978406268,1.2542926704786794,-0.04963338971256649,0.15947166130884635
4__3,2022,0.6631603248608564,0.39743911374170016,0.09414704147126021,0.403427825410922,0.048358243494862424,0.36365623890167775,2.386435986662355,0.6726812957037405,3.1793845606545705,0.02263046903001554,0.30599960100961904,0.7972337770382695,1.8818427235914608,0.037218309933420804,0.19648517605343632
8__2,2022,0.4579724887165492,0.3189670646021386,0.17821079820811975,0.3768503238130119,0.010891778555414447,0.2709595168316964,1.235568417543297,0.4579827398129191,2.4183715365366694,0.01763279440913188,0.1910000904775923,0.6025416049660743,1.4721881627659241,0.008120691774490579,0.21489627639473743
11__1,2022,0.4313295359600639,0.2309297891609642,0.16204187876215237,0.37210821448521386,-0.01672744366837282,0.19956860950343347,0.9053478841935642,0.37766335559386516,2.138618843896499,0.06867099423837746,0.16590706352071766,0.5461222369151029,1.3978143352250738,-0.012660618169924602,0.1881962681697932
5__3,2022,0.5427868147890434,0.35206444364838524,0.16061591710771136,0.3939217097380268,0.026716845755026145,0.3137670209864115,1.6145020180198004,0.5180499867487729,2.5945055750124077,0.00895234980952688,0.22318728273794994,0.6827818459091608,1.5746231434639604,0.020500969867476283,0.20377022720962235
4__1,2022,0.44953029498388825,0.16992332758686096,0.08252258999281073,0.35805770796547337,-0.0442355539226585,0.14479817072707585,1.0174036464170784,0.4220155162195692,1.9405323519954267,0.0955518680827737,0.16723451550756868,0.5811406759309247,1.4016365198168552,-0.0331439009122725,0.15028862423743733
9__1,2022,0.2637141874028842,0.089335464466078,0.1576466934113717,0.34991331125838016,-0.05133588857628663,0.0726425531744539,0.32890157534553716,0.17340793922353512,1.3902218137790054,0.1802260984526621,0.07100611998649074,0.34808625797297343,1.1528667120723297,-0.03787032847940555,0.18000352788662963
8__3,2022,0.507343046300806,0.317348250126654,0.16970649634987298,0.38649996583837753,0.009626211380871177,0.2810950789432073,1.3314348639064233,0.4685582015094298,2.3447413137474413,0.021449107810172372,0.19553529933288671,0.6385979952058874,1.4861252437073658,0.007370114460025996,0.20945515528773923
10__3,2022,0.24192792625980175,0.30601984476094546,0.3510892255394612,0.3528344098255791,0.009087655584980142,0.20762081244244013,0.6103342373862963,0.29207339175526015,3.0669483399084307,0.006362262165832008,0.16050801946973975,0.37829364123617887,1.3823932168318174,0.006355122029841474,0.2855288226918365
12__3,2022,0.2226698375841467,0.28661015584077565,0.41029653796078724,0.3515436463381225,0.0010565535056684984,0.19094081285739017,0.49994847156252287,0.2501242235237353,2.6433177015259472,0.01811169173650146,0.13361179657468822,0.3415620704709217,1.3084340161753054,7.420653121610616e-4,0.3130123505629117
5__1,2022,0.5612896643522701,0.38589197647803214,0.16029339077527924,0.3877681700328593,0.009699643410760917,0.3475936011255732,1.6580449970094777,0.5371084873589408,2.5036773635646257,0.01420887943067424,0.21907139583718876,0.697011602375458,1.5610535833094312,0.007450162035626124,0.22489802053264726
6__2,2022,0.47189742928612416,0.32132715262937006,0.17184275496757795,0.37462174298144707,-4.6012320003338753e-4,0.2766600667097301,1.2390192832835354,0.46287964058213243,2.3387916584369823,0.03335482742626959,0.19180302162245133,0.610718262021244,1.4746442433068605,-3.4490300824127043e-4,0.21536331607619777
3__1,2022,0.6062832935221485,0.3984921829958733,0.13563775189996974,0.3956644766054734,0.022972385583397068,0.36376924567187124,1.8964889365304096,0.5869783913124891,2.7516923810909115,0.015516192377379707,0.25325963129790163,0.7365420156075655,1.6783070580155979,0.01777048343890593,0.21490941197845553
11__3,2022,0.4042195325838981,0.21966143288228812,0.16522106130040226,0.36107146731802936,-0.038609542751790994,0.18847279156147134,0.753867030966539,0.35100249509194276,2.2219943278687597,0.12139613907169494,0.17863769183377692,0.5133862262964676,1.4349790343620812,-0.029001336863214076,0.21955390455649634
6__1,2022,0.36770000547350873,0.23273271665981038,0.13110412240295052,0.3674919098281931,0.038706864788061235,0.1834893490914789,1.2500222352915609,0.45037728055338533,3.3508642206893864,-0.02274262437951404,0.20198163352522971,0.5335730545050115,1.5062079821984034,0.02738878531880818,0.12983903493717078
1__1,2022,0.49630674316303497,0.3250195783239821,0.1553449726933653,0.37776337691618866,0.0042100811368274565,0.2824748074117726,1.3673451657348337,0.48970374594649846,2.3611470990144205,0.028479088023352583,0.19729937242199222,0.6370948754998839,1.4915889327688818,0.003167493529916847,0.2092332924797638
9__3,2022,0.581516790452946,0.33997533873236013,0.11068863746953717,0.38346103980291474,0.004796627772540115,0.3049716543966874,1.62793707032085,0.5746182712552945,2.986159310892989,0.048778657182334095,0.2807697900816556,0.7058426114078137,1.7807508255626023,0.003661078913617026,0.21536726240528162
8__1,2022,0.3506641427465298,0.2872775995162013,0.18479539568588715,0.3568408494654562,0.004975843033588865,0.2238313783427308,0.9558609356379311,0.4122765911136044,3.122340610741895,0.02177061093070537,0.21420375950912202,0.5122253422686954,1.5451890667619161,0.0035335855428184227,0.21066040543058484
11__2,2022,-0.031549151573456675,0.034916181309872785,0.08544029570842496,0.3208140469271032,0.04440447473478182,0.023892186099522372,0.3750451180324685,0.15753262647315322,0.27007729519422313,-0.13436970115994584,0.0744130199521689,-9.888449302368819e-4,1.1607909824926956,0.0272798127276412,0.05394821732636291
10__2,2022,0.5631492313291399,0.3963926655214115,0.16077702236328206,0.3925918424612869,0.02662747834472167,0.35425149853217613,1.7360803210877145,0.5522619369982891,2.6524426787879873,0.009766599179142561,0.2327936241697529,0.703192808634855,1.6068605045619722,0.02036518796537051,0.22684635828884409
3__3,2022,0.4182270295262996,0.381580040448573,0.2103660883940066,0.3666561767306009,0.01582475905546156,0.30607519241779213,1.1631039779181886,0.4715838280798203,3.2844525742115627,0.019628030960025893,0.24486501262443985,0.5774447537043743,1.6485330880388893,0.01142371378770795,0.25483892508918393
9__2,2022,0.4599511127698699,0.2375762361940703,0.14613042798909598,0.3739587834204735,-0.01795959818056181,0.20781662543242418,1.0033930029092297,0.4048573302400838,2.208926858224401,0.0702875164146156,0.17927670740141774,0.5752639370432968,1.4368749102606557,-0.013677949448679201,0.18078818452895815
2__2,2022,0.5446727370547478,0.26825831992399074,0.12100294486518563,0.3861588606872363,-0.0073369849674653825,0.2421654694496173,1.3067044524000946,0.48158064357353325,2.317694292832396,0.05557134369071514,0.2087561148796911,0.6549528995710099,1.5276656636605783,-0.005708365705199467,0.18144216237741656
