index,year,mean_importance,sd_importance,rescaled_importance
Biomass,2020,1.939688598945659,1.633833976826762,-0.6950309493330044
Biomass,2022,3.332045690256174,3.794931121489105,-0.350706373936285
Ground cover,2020,7.497461148506784,3.4815373368802955,0.945123079169867
Ground cover,2022,4.6882434895982446,4.278571749995302,-0.14059910218343652
R1006.57,2020,1.1352273758934757,1.0459594305849245,-0.9324354677794413
R1006.57,2022,10.424343164339898,7.339759911024768,0.7480590668145108
R1013.5,2020,1.1942845032427363,1.0451433162443207,-0.9150071213564943
R1013.5,2022,10.082721474120198,6.994160234738663,0.695133747706576
R1020.44,2020,1.104179651989642,0.9820133662531912,-0.9415979603036702
R1020.44,2022,9.674660202760778,6.961331186866088,0.631915358416371
R1027.38,2020,1.1004347063141535,1.013351054559644,-0.9427031310679292
R1027.38,2022,9.448820435206349,6.616255352251404,0.5969274109081399
R1034.32,2020,1.0814331985012962,1.042081248015407,-0.9483106652570259
R1034.32,2022,9.79197880723545,7.039973748622293,0.6500907985505335
R1041.27,2020,1.1837344188979426,1.145494379410614,-0.9181205563135483
R1041.27,2022,9.208349733792982,6.784814749549083,0.5596727840130313
R1048.21,2020,1.1186220809756688,1.0776923951675563,-0.9373358556796388
R1048.21,2022,9.515811596457672,6.797606342004111,0.6073059339590541
R1055.16,2020,1.1337797760456576,1.118282624421174,-0.9328626689109893
R1055.16,2022,9.62192034673845,6.933212090502313,0.6237447012549562
R1062.12,2020,1.1380553531832966,1.0466519650692643,-0.9316009035177605
R1062.12,2022,9.163152842444445,6.5575143874764485,0.55267071135257
R1069.07,2020,1.1334795364635373,1.0612133640698909,-0.9329512726017196
R1069.07,2022,6.812469141311724,6.00004117257824,0.18849393755269594
R1076.03,2020,1.1179364687901758,0.9809980761762964,-0.9375381866634996
R1076.03,2022,6.1696805419814815,5.811533374309468,0.08891070641588783
R1082.98,2020,1.189903553322143,1.0765435487177861,-0.9162999833073667
R1082.98,2022,6.577678788473545,6.073952483789088,0.15211933165623281
R1089.94,2020,1.1913355373391719,1.0880627176429354,-0.9158773905630005
R1089.94,2022,6.0075540261084655,5.678033198828804,0.0637934558604012
R1096.91,2020,1.1274267683684374,1.037949207132629,-0.9347375047453067
R1096.91,2022,6.302427012106223,5.79584528817715,0.10947628961198297
R1103.87,2020,1.2156941310486846,1.077491007295734,-0.9086889269752856
R1103.87,2022,6.249243483928572,5.956356788665573,0.1012368970889912
R1110.84,2020,1.3709013226974294,1.1965439319000146,-0.8628857390316897
R1110.84,2022,6.179290838425926,6.0248342188348305,0.09039956974220931
R1117.81,2020,1.2418942001564144,1.2212200901962051,-0.900957025658545
R1117.81,2022,5.971692555765389,5.743887779539019,0.05823766178782219
R1124.78,2020,1.293836495620551,1.1511878063576901,-0.885628336980575
R1124.78,2022,5.600386493862434,5.982489094341725,7.13528000279684e-4
R1131.75,2020,2.133483879224886,1.6779163562829096,-0.6378400321408431
R1131.75,2022,6.205466966944444,5.996905511404397,0.09445487417549026
R1138.73,2020,2.226808733288816,1.856259821796169,-0.6102989382966042
R1138.73,2022,5.5761700663068785,5.907965398223193,-0.003038172177796783
R1145.71,2020,1.1807052601013723,1.244990726602346,-0.919014491241411
R1145.71,2022,5.545699803058201,5.51683244127714,-0.007758740139104825
R1152.69,2020,1.2761072904708566,1.1847626552111734,-0.8908604019830769
R1152.69,2022,4.704310589764185,5.299931164380016,-0.13810992650236475
R1159.67,2020,1.206971244935559,1.083752900990419,-0.9112631375373469
R1159.67,2022,4.741894816604108,5.419024275919193,-0.1322872365038208
R1166.66,2020,1.2859025911283688,1.1471848680897199,-0.8879697112089314
R1166.66,2022,4.760609153103174,5.395305737058677,-0.1293879409981128
R1173.64,2020,1.260865961213603,1.122818181582346,-0.8953582700332902
R1173.64,2022,3.805825888724868,4.789805206789952,-0.27730656090084704
R1180.63,2020,1.2906074289665654,1.0916496071540907,-0.8865812667080171
R1180.63,2022,3.8067260504766147,4.7330906862508355,-0.27716710445143566
R1187.63,2020,1.3257405456799478,1.1678332405171057,-0.8762131340797997
R1187.63,2022,4.1636162750132275,5.119917398726969,-0.22187632649188826
R1194.62,2020,1.423961242853485,1.2790289496557996,-0.8472272281768569
R1194.62,2022,3.961553751685185,5.004807864688773,-0.253180613757763
R1201.62,2020,1.323338217606777,1.221507787706801,-0.8769220850186624
R1201.62,2022,4.083827811851852,5.339502975552665,-0.2342374557610274
R1208.62,2020,1.3345353330980676,1.138353753960365,-0.873617704726579
R1208.62,2022,3.775635613915662,4.804334908752002,-0.2819837519984202
R1215.62,2020,1.4202554168667838,1.1702488123347172,-0.848320854331367
R1215.62,2022,4.07973221624731,4.931400349283939,-0.2348719608598342
R1222.62,2020,1.4023808351788607,1.2135419772454032,-0.8535958213980861
R1222.62,2022,4.151436390577452,5.022482573507871,-0.2237632800692405
R1229.63,2020,1.1564302478054194,1.0807924930965807,-0.9261782891216082
R1229.63,2022,4.194752522526455,5.1365257942627,-0.2170525817396114
R1236.63,2020,1.06691753961147,1.0727824390307308,-0.9525943807549553
R1236.63,2022,3.6747153757329474,4.962895649692812,-0.29761869545541775
R1243.64,2020,1.0931925423588031,0.9955332766933779,-0.9448403657749135
R1243.64,2022,2.8520675810978835,4.533428413574765,-0.4250663906427439
R1250.66,2020,1.36532839757845,1.1061525189919414,-0.8645303647343304
R1250.66,2022,2.749781848441799,4.57373564906736,-0.4409128816472545
R1257.67,2020,1.3254247760779962,1.1974681896407156,-0.8763063208340436
R1257.67,2022,2.8176201310185185,4.613252303763816,-0.43040311936957787
R1264.69,2020,1.427369337566673,1.164629125967748,-0.8462214654862271
R1264.69,2022,2.6421164004103987,4.329474703023199,-0.45759281842262733
R1271.71,2020,1.378832695802708,1.1776544687348285,-0.8605451118408183
R1271.71,2022,2.5084403579513523,4.546029461961149,-0.4783024144663709
R1278.73,2020,1.4255658165071343,1.1950163256959125,-0.8467537025119265
R1278.73,2022,2.496254011994709,4.643690338474746,-0.48019036908687596
R1285.75,2020,1.4491947296729746,1.3699269682463175,-0.839780574919442
R1285.75,2022,0.27857295312169317,2.7995971320506094,-0.8237618725385282
R1292.78,2020,1.3859807225206306,1.2376605241696228,-0.8584356579700994
R1292.78,2022,0.5430963135000001,2.844290188221928,-0.7827809171123034
R1299.8,2020,1.3880625565519575,1.1985585296927384,-0.8578212880147429
R1299.8,2022,0.19073403370370373,2.803803625315813,-0.8373702088163081
R1306.83,2020,1.3720519861710179,1.193090681995771,-0.8625461667813272
R1306.83,2022,0.2643960459126985,2.711615747566589,-0.825958212406518
R1313.87,2020,1.256565599248079,1.1914103675743084,-0.8966273496760567
R1313.87,2022,0.33869958022486774,3.0760224487197965,-0.8144468289759463
R1320.9,2020,1.2135434755232386,1.180882478712677,-0.9093236068389408
R1320.9,2022,0.24842171341005292,3.087245896675223,-0.8284330161717446
R1327.94,2020,1.2255469164942965,1.1168986172624829,-0.9057812718676884
R1327.94,2022,0.12987646741798953,3.0381010378579556,-0.846798492230433
R1334.98,2020,1.1543823566011255,1.0633812575434238,-0.9267826422106751
R1334.98,2022,-0.0858719609682539,3.125520287043911,-0.8802230514615343
R1342.02,2020,1.178916434577179,1.0865229902482738,-0.9195423914682791
R1342.02,2022,-0.026485103015872948,2.535837463181445,-0.8710226157224394
R1349.06,2020,1.180980643469206,1.0743813187767826,-0.9189332228670565
R1349.06,2022,0.3328652335978836,2.5596732742312347,-0.8153507079328735
R1356.11,2020,1.2862293864646595,1.179166122726256,-0.8878732706506802
R1356.11,2022,0.06401196389682541,2.4495511571694264,-0.8570024692217695
R1363.16,2020,1.1909517822417686,1.085384427336648,-0.9159906405140109
R1363.16,2022,0.18050720202645507,2.4758652222406923,-0.83895458810333
R1370.21,2020,1.1563565627867172,1.1183119159142845,-0.9262000343044466
R1370.21,2022,0.22058981792328047,2.3653535587750874,-0.8327448382608772
R1377.26,2020,1.1540274550666003,1.1197896829534801,-0.9268873771879312
R1377.26,2022,0.1609263079232804,2.5601012038947952,-0.8419881339773134
R1384.31,2020,1.1130094614391093,1.1416469984409472,-0.9389921956002188
R1384.31,2022,0.28442389255555556,2.1459499309568684,-0.8228554229614559
R1391.37,2020,1.257578737124415,1.0458797448174613,-0.8963283625990428
R1391.37,2022,-0.09354469929894181,2.1917050429295823,-0.8814117409862604
R1398.43,2020,1.3575094743655518,1.02745870383962,-0.8668378068420868
R1398.43,2022,-0.5274114526216931,2.0417489626958516,-0.9486280127492236
R1405.49,2020,1.1824344391241375,1.040312352221178,-0.9185041932911261
R1405.49,2022,-0.4057587677777778,1.995780111030832,-0.9297811205581553
R1412.56,2020,1.0538152232396296,1.02882719666016,-0.9564610048005345
R1412.56,2022,-0.49111546914021165,2.1382062498783805,-0.9430049022644698
R1419.62,2020,1.0439069372095082,1.068771164891124,-0.9593850386833436
R1419.62,2022,-0.40776441324338625,2.1183807327230726,-0.9300918427087789
R1426.69,2020,1.0939886552007412,1.0798234271298175,-0.9446054249468743
R1426.69,2022,-0.3876852439179894,1.8979500879189761,-0.9269811021604095
R1433.76,2020,0.978824558372273,0.9626128933787764,-0.9785914968250806
R1433.76,2022,-0.24867555102116404,1.7465594352550202,-0.9054451968994495
R1440.84,2020,0.9810082839721012,1.0076141934686962,-0.9779470576531347
R1440.84,2022,-0.1262544693015873,1.6832343497342481,-0.8864792617699198
R1447.91,2020,0.9979871850871772,1.0383586775135205,-0.972936414843428
R1447.91,2022,-0.2829185516137566,1.8451640811110277,-0.9107502515416493
R1454.99,2020,1.0609151786125484,1.0513781009603196,-0.9543657372624625
R1454.99,2022,-0.3297819040740741,1.9630338246376586,-0.9180104986349613
R1462.07,2020,0.9792739514922618,0.9710836004901646,-0.9784588764399248
R1462.07,2022,-0.33578810190476194,1.7594596346165248,-0.9189410014277146
R1469.15,2020,1.0033374089588605,0.9911908126335671,-0.9713575104967169
R1469.15,2022,-0.2692771703835979,1.9217008829873796,-0.9086368773755803
R1476.23,2020,1.030103713490965,1.020970567381529,-0.963458507467179
R1476.23,2022,-0.30794412714021163,1.8848979840279008,-0.9146273079713672
R1483.32,2020,1.0510962794397722,1.0634545862894265,-0.9572633921934769
R1483.32,2022,-0.3185187382671958,2.0280050007721537,-0.9162655665607969
R1490.41,2020,1.0276634184812317,1.1181240034119977,-0.964178662827129
R1490.41,2022,-0.6239276115079365,2.15983917526446,-0.9635806596518295
R1497.5,2020,0.9912338088201235,0.9781193862450328,-0.9749294034358235
R1497.5,2022,-0.6488488369576719,2.3035089371124853,-0.9674415497745842
R1504.59,2020,1.0344381152714133,1.0751296387775275,-0.9621793823360303
R1504.59,2022,-0.35183403928571433,2.0676234099315334,-0.9214268984904178
R1511.69,2020,1.114044565744966,1.1050936244868605,-0.9386867260110926
R1511.69,2022,-0.5445393919312169,2.112889534637265,-0.9512815376265079
R1518.79,2020,1.1579061683475067,1.0834553488255352,-0.9257427302711393
R1518.79,2022,-0.5634473552910053,2.079013351055337,-0.9542108305348546
R1525.89,2020,1.1601131747938815,0.9754505392902196,-0.9250914206895265
R1525.89,2022,-0.5747131026296296,2.18401157145642,-0.9559561625496414
R1532.99,2020,1.2516733392349773,1.0954334128431351,-0.8980711043272984
R1532.99,2022,-0.40749587920634917,2.011936159699897,-0.9300502404042168
R1540.09,2020,1.1255409216162036,1.0028560614006252,-0.9352940369027912
R1540.09,2022,-0.716062963537037,2.3090785224082664,-0.9778546154540095
R1547.2,2020,1.1903403832071353,1.1647760473676596,-0.916171070457974
R1547.2,2022,-0.6105174720238095,2.574155879703742,-0.9615031103281232
R1554.31,2020,1.2265214499276944,1.1147414853672537,-0.9054936773462421
R1554.31,2022,-0.8590067157275132,2.594370414320629,-1
R1561.42,2020,1.1670479782807928,1.0479541505737189,-0.9230448911177412
R1561.42,2022,-0.5372623054470899,2.2631814032552096,-0.9501541439762372
R1568.53,2020,0.9062804014180832,0.974559647587116,-1
R1568.53,2022,-0.6114735141666667,2.4196241355774992,-0.961651223978222
R1575.65,2020,1.038492321683846,1.0944808633713043,-0.9609829456484118
R1575.65,2022,-0.7823519832407407,2.4999869450568504,-0.9881243600914604
R1582.77,2020,1.0445989417293602,1.0237100338375018,-0.959180821257953
R1582.77,2022,-0.616425397941799,2.2359228547524315,-0.9624183884659795
R1589.89,2020,0.9417202665841891,1.018114905790552,-0.9895413428485164
R1589.89,2022,-0.6212999888148149,2.294096617658908,-0.9631735784461857
R1597.01,2020,1.0277316204781644,1.0231345047482274,-0.9641585357386194
R1597.01,2022,-0.5487241521560847,2.434221475645762,-0.951929856444171
R1604.13,2020,1.0025440334550797,0.9847495501201731,-0.9715916435090052
R1604.13,2022,-0.491466481505291,2.3166132942056588,-0.9430592824223009
R1611.26,2020,0.9972806393404668,1.0048341528767233,-0.9731449235296785
R1611.26,2022,-0.28497057961904765,2.3527944261107963,-0.9110681594500394
R1618.39,2020,1.0908012561847473,1.0808361301934006,-0.9455460581393825
R1618.39,2022,-0.1530671716931217,2.2736720237162884,-0.8906331866255266
R1625.52,2020,0.9509655948764655,0.977945676236762,-0.9868129543964546
R1625.52,2022,-0.26419788773809527,2.1106969037494907,-0.9078499757749245
R1632.66,2020,0.9704818333340474,1.0022693385559198,-0.9810535180679647
R1632.66,2022,-0.2979593110740741,2.3160587681422324,-0.9130804226544702
R1639.79,2020,1.0491897127819125,1.0578676932136588,-0.9578260390014585
R1639.79,2022,-0.25179872467989417,2.418021407653353,-0.9059290507273826
R1646.93,2020,1.0472814447335594,1.0933578992043265,-0.9583891879067185
R1646.93,2022,-0.09188339956613757,2.4493410719721296,-0.8811543661736831
R1654.07,2020,0.9252885986461766,0.9994184238714414,-0.9943904916978482
R1654.07,2022,-0.02702260697354496,2.760109961728658,-0.8711058878602925
R1661.21,2020,1.1552069253710195,1.1054206331463228,-0.9265393037549071
R1661.21,2022,-0.004613547841269819,2.354107813009227,-0.86763419200655
R1668.36,2020,1.068538213682781,1.012926942306235,-0.9521161036964311
R1668.36,2022,0.2503963252248677,2.1825419481917505,-0.8281271018712031
R1675.51,2020,0.940023835148221,1.0465833344927795,-0.9900419766598085
R1675.51,2022,0.4358541287169312,2.0392315978416673,-0.799395280350849
R410.75,2020,3.273081552938423,1.276370013792319,-0.30153340952431384
R410.75,2022,-0.2711849041768971,1.0561436748800284,-0.908932430681105
R413.37,2020,3.420230909709841,1.3870395500000792,-0.25810816889993726
R413.37,2022,-0.3885675585185185,1.1613497281266016,-0.9271177936619256
R416,2020,3.3275175533048795,1.2905497350457527,-0.28546880369518945
R416,2022,-0.33986039357142855,1.0501666383076327,-0.919571896192682
R418.62,2020,2.727550406744882,1.214428750443624,-0.4625250836391137
R418.62,2022,-0.2400043517857143,0.9610127668919455,-0.9041018220502427
R421.24,2020,2.484464809148858,1.2292048279431176,-0.5342620643472628
R421.24,2022,-0.37673871774074075,1.2167782060388261,-0.9252852250904212
R423.86,2020,2.2503185160862578,1.140555615306699,-0.6033609672622379
R423.86,2022,-0.3214397147222222,1.1767431449198402,-0.916718095236273
R426.49,2020,2.2253160669545498,1.1819423647872762,-0.6107394389971144
R426.49,2022,-0.3242184664021164,1.1297461826346422,-0.9171485899138374
R429.12,2020,2.2635274585308163,1.2066960413123244,-0.5994628768007244
R429.12,2022,-0.31255571527777776,1.0582443473637264,-0.915341752577089
R431.74,2020,2.458074301973132,1.1803532884283727,-0.5420501658344168
R431.74,2022,-0.34770079376719576,1.2642381852496951,-0.9207865605251137
R434.37,2020,2.3556642163522206,1.1651103353530228,-0.5722724019897496
R434.37,2022,-0.23089269042328042,1.1522685199860971,-0.9026902091491411
R437,2020,2.0839537298316695,1.2610502789836657,-0.6524568724910385
R437,2022,-0.3399325784391534,1.3902829014650337,-0.919583079344304
R439.63,2020,1.994220858581263,1.1586355638086505,-0.6789379364349211
R439.63,2022,-0.5650937575396825,1.7035311835143503,-0.9544658973730732
R442.26,2020,2.1813940076034757,1.2658669980123176,-0.6237012761256407
R442.26,2022,-0.6410748927910053,1.782108654962759,-0.9662371810605148
R444.89,2020,2.1225453542562445,1.2372896839962566,-0.6410680997944237
R444.89,2022,-0.5179648564814815,1.6210681631122275,-0.9471645104906786
R447.52,2020,2.1059394151166084,1.32094315884065,-0.6459686778108987
R447.52,2022,-0.7153635263227514,2.0980737637555507,-0.9777462560060535
R450.16,2020,1.536735069818123,1.2316071828563941,-0.8139465487398505
R450.16,2022,-0.5494591345899471,1.56287601420517,-0.9520437226914398
R452.79,2020,1.5233037204546869,1.215281972865007,-0.817910273698046
R452.79,2022,-0.528806813042328,1.903067935640664,-0.9488441872417893
R455.43,2020,2.838505017393045,1.752500597088334,-0.4297812730544359
R455.43,2022,-0.5962574769179894,1.898040616346385,-0.9592938981701722
R458.06,2020,2.8867344431572683,1.7686311818663047,-0.41554828920089226
R458.06,2022,-0.5455672020502645,1.699317742478186,-0.9514407698418218
R460.7,2020,2.9092350630910944,1.7545257166171906,-0.4089081321776994
R460.7,2022,-0.5418459237195767,1.6658560573189127,-0.9508642553851009
R463.34,2020,2.8824680137947762,1.8622894405451793,-0.4168073549945738
R463.34,2022,-0.5101024591798942,1.733449669414549,-0.9459464382837521
R465.98,2020,2.8117251602501745,1.7812631934816296,-0.4376842755943794
R465.98,2022,-0.443499144973545,1.794299175792877,-0.9356280019580314
R468.62,2020,2.8963337814153527,1.847158507852469,-0.4127154288823818
R468.62,2022,-0.7700866179391535,2.11130692405636,-0.9862241634963776
R471.26,2020,2.8011868331196057,1.8778748734141946,-0.44079424088042707
R471.26,2022,-0.46607937645502645,1.7057988044186831,-0.9391262164769043
R473.9,2020,2.769886493703979,1.7700082462415239,-0.4500312827579507
R473.9,2022,-0.6435278148148148,1.9548942828524585,-0.9666171969803867
R476.54,2020,2.58845943255156,1.7504640491031165,-0.5035722153123199
R476.54,2022,-0.7550686665873015,2.0177841475282805,-0.9838975259016365
R479.18,2020,2.8150506262867556,1.8603607391137953,-0.4367028974491045
R479.18,2022,-0.6173830727513228,1.9330303269825666,-0.9625667550549484
R481.83,2020,2.716010655899736,1.7404760695474673,-0.46593057903638047
R481.83,2022,-0.7165597623677249,2.0679504975607808,-0.9779315814002575
R484.47,2020,2.818778360987049,1.817944775067268,-0.4356028058150273
R484.47,2022,-0.3706870737301587,1.453397524186868,-0.9243476816042868
R487.12,2020,2.9363544289090617,1.9027058244978616,-0.40090493724661247
R487.12,2022,-0.31883890133862436,1.5231878456882897,-0.916315167429849
R489.77,2020,2.8055267076600763,1.810645981277267,-0.4395135006832932
R489.77,2022,-0.333475722037037,1.3337652028590221,-0.9185827588280735
R492.42,2020,2.59488499237154,1.6128838056451917,-0.5016759686181369
R492.42,2022,-0.3397289710185185,1.33894772455997,-0.9195515357157279
R495.07,2020,2.7183485918748516,1.8343260762343636,-0.46524063084692635
R495.07,2022,-0.251894875,1.2465902026093922,-0.9059439466971633
R497.72,2020,2.769325918629881,1.8339837298414394,-0.4501967140450106
R497.72,2022,-0.502437952936508,1.6376771087145297,-0.9447590241050006
R500.37,2020,2.8113407303207145,1.964580566527092,-0.4377977246950503
R500.37,2022,-0.34934427665343915,1.4351906147767968,-0.9210411750847072
R503.02,2020,2.855513035263753,1.8255109063189585,-0.42476203760017217
R503.02,2022,-0.47647739706349207,1.6493764067601167,-0.9407371169980041
R505.67,2020,2.7479687319746255,1.9069978404900871,-0.45649943252039527
R505.67,2022,-0.3539591512698413,1.4615026964037956,-0.9217561288441102
R508.32,2020,2.6534072360285266,1.819977530688615,-0.48440547169961645
R508.32,2022,-0.320352214037037,1.4217740719156082,-0.9165496155336039
R510.98,2020,2.7111552586789305,1.696058712538357,-0.4673634551105038
R510.98,2022,-0.31908316322751323,1.4619492918582584,-0.9163530094017889
R513.63,2020,2.588117361418871,1.731614042302264,-0.503673163910218
R513.63,2022,-0.4636202225,1.596166432083972,-0.9387452350827732
R516.29,2020,2.8324593925549215,1.7972880372176947,-0.43156539715175035
R516.29,2022,-0.43035098042063497,1.8163811125019849,-0.9335910387775059
R518.95,2020,2.705938513536966,1.7772657140086978,-0.46890296855477775
R518.95,2022,-0.29480083158465603,1.6358595662057658,-0.9125910991142528
R521.61,2020,7.0907288994249305,3.2688356208563887,0.8250923418727256
R521.61,2022,-0.522708517989418,1.8303877782708076,-0.9478994164004472
R524.27,2020,7.525424402516741,3.576446141206227,0.9533753139105818
R524.27,2022,-0.37573759801587303,1.7097213659681758,-0.925130127851514
R526.93,2020,7.602482696781719,3.7756094902747663,0.9761159839616158
R526.93,2022,-0.24747511793650795,1.6664181657254096,-0.9052592212840479
R529.59,2020,7.18176974940867,3.4031506623116,0.8519594033668034
R529.59,2022,-0.2922149987275133,1.7249183776009862,-0.9121904921474177
R532.25,2020,7.43069587132431,3.3801398684652297,0.9254199809666861
R532.25,2022,-0.2766483625,1.750086167839258,-0.9097788502248908
R534.91,2020,7.244158511772886,3.3753805695255923,0.8703709484619795
R534.91,2022,-0.29553279120370374,1.9074612105765758,-0.9127044970556638
R537.57,2020,7.351949640896484,3.5228895233817767,0.902181184144061
R537.57,2022,0.06631406524074074,1.8901177022592788,-0.8566458190097552
R540.24,2020,7.525852345590965,3.540727436432327,0.9535016041736144
R540.24,2022,0.07823633161375662,2.2943960716132783,-0.8547987765931104
R542.91,2020,7.470432671241013,3.8240441509744367,0.9371467063556802
R542.91,2022,-0.05435262195767198,1.8248225299791683,-0.8753399567314152
R545.57,2020,7.549724368463794,3.518782641946841,0.9605464758617288
R545.57,2022,-0.10766689338359788,1.908519390048972,-0.8835996044909282
R548.24,2020,7.389250621033269,3.634308727890888,0.9131890748579918
R548.24,2022,0.199894846978836,1.872044047370345,-0.8359509811157404
R550.91,2020,7.439980923402079,3.6334085438860786,0.9281600923034508
R550.91,2022,-0.014271077976190453,1.794271620166038,-0.8691303729541252
R553.58,2020,7.655274020222507,3.489307274382621,0.9916952292508538
R553.58,2022,0.24890940052910052,1.7533028659286873,-0.8283574618461869
R556.25,2020,7.469033015343723,3.56763571229882,0.9367336539614006
R556.25,2022,0.06163488551587298,1.9114844428940754,-0.8573707351587935
R558.92,2020,7.597984114330883,3.395914787748341,0.9747884074795818
R558.92,2022,0.054334015013227516,2.080097557737541,-0.8585018135188055
R561.59,2020,7.5064193485606125,3.329217911724008,0.9477667332192905
R561.59,2022,0.09266854715608466,1.8594188235259237,-0.8525628833963963
R564.26,2020,7.683415296040446,3.6842770159472273,1
R564.26,2022,0.19490452427248678,1.7175736565369537,-0.8367241007075181
R566.94,2020,7.597100474632421,3.6656472552056227,0.9745276366045139
R566.94,2022,0.1829824542195767,1.6522311478966154,-0.8385711127095126
R569.61,2020,7.438014025895675,3.427694085738134,0.9275796412612367
R569.61,2022,-0.0030113215608465684,2.0681998281713465,-0.8673859690757402
R572.29,2020,7.3383946079442905,3.475510535108018,0.8981809589270746
R572.29,2022,-0.3181813293518519,1.7040682140713468,-0.9162132939006419
R574.96,2020,4.2432520071576905,2.3094820210557483,-0.015226446683985984
R574.96,2022,-0.26717968993386243,1.411288722895708,-0.9083119278032814
R577.64,2020,4.2125380256549425,2.4979606193717685,-0.024290448501957496
R577.64,2022,-0.2596245513227513,1.5996086208829017,-0.9071414572701002
R580.32,2020,3.9653439495195744,2.4587450892670577,-0.0972398821428655
R580.32,2022,-0.29876787996031745,1.6935176218034245,-0.9132056891921354
R583,2020,4.118266846925424,2.3750285508304465,-0.052110812179334665
R583,2022,-0.22505354642857145,1.692973757872295,-0.9017855869659349
R585.68,2020,2.728068533384714,1.8900024997015648,-0.4623721793077441
R585.68,2022,-0.3161246858968254,1.6076324116190388,-0.9158946709493927
R588.36,2020,2.7148839178358664,1.7996070286113217,-0.4662630906600649
R588.36,2022,-0.4320056378174603,1.937969956207808,-0.9338473845343722
R591.04,2020,2.862170590585289,1.8444318263314052,-0.42279732672306725
R591.04,2022,-0.3831455541666667,1.8030474733702122,-0.9262777963235194
R593.73,2020,2.9055412812532255,1.9553804340744774,-0.40999820398394304
R593.73,2022,-0.4273515957936508,1.7733093896897338,-0.9331263628126734
R596.41,2020,2.6766857005430276,1.6891100007734077,-0.47753576499421424
R596.41,2022,-0.5013272235449736,1.922206990273681,-0.9445869457236433
R599.1,2020,2.5217181592749576,1.7433838505102457,-0.5232682297238263
R599.1,2022,-0.38959616904761907,1.7971306074922824,-0.9272771498797799
R601.78,2020,2.5049960192892398,1.74602849761592,-0.528203099767209
R601.78,2022,-0.3806885128968254,1.6342978145361091,-0.9258971422345356
R604.47,2020,2.707111019985133,1.778851974047375,-0.4685569502250859
R604.47,2022,-0.3700141518518519,1.689122144243739,-0.9242434300120616
R607.16,2020,2.6031182427661794,1.710214932867425,-0.49924625443281867
R607.16,2022,-0.6451880261904762,2.0964851707365444,-0.9668744031805755
R609.85,2020,2.4594845424946206,1.7371861121093226,-0.5416339898121253
R609.85,2022,-0.3399665604338624,1.7932547876856741,-0.9195883439629315
R612.53,2020,2.334853415078866,1.6503234424239308,-0.5784138766975551
R612.53,2022,-0.36681179060846564,1.8243977526121227,-0.9237473081452208
R615.23,2020,2.5045406921843765,1.7309083848926727,-0.528337471330397
R615.23,2022,-0.560383649910053,1.971486089791027,-0.9537361897565265
R617.92,2020,2.4648770307105963,1.843125131602889,-0.5400426128365085
R617.92,2022,-0.422328837515873,1.6542141085689654,-0.9323482181799879
R620.61,2020,2.4236529888550016,1.6719039362066102,-0.5522082381329168
R620.61,2022,-0.4652822865740741,1.5998503072959263,-0.9390027283099791
R623.3,2020,2.873491441901027,1.9337480971784333,-0.4194564307569205
R623.3,2022,-0.4994313356481482,1.6388247834326086,-0.9442932276290228
R626,2020,2.6879070028575702,1.6576428537436456,-0.47422424692971576
R626,2022,-0.3884191533068783,1.461584252136464,-0.9270948021675088
R628.69,2020,2.8647923815131437,1.7512489471357788,-0.4220236101101855
R628.69,2022,-0.5627259824867725,1.7657857733728675,-0.9540990727426744
R631.39,2020,2.7331360432554166,1.716429937499905,-0.4608767066782341
R631.39,2022,-0.4480747662698413,1.5926964457471469,-0.9363368744452198
R634.08,2020,2.7866928563239175,1.6778302290658238,-0.44507155777644725
R634.08,2022,-0.36031676115079364,1.3453950057723478,-0.922741073715429
R636.78,2020,2.7229122420287926,1.632561397712916,-0.4638938522377054
R636.78,2022,-0.4892630732804233,1.5614584198648727,-0.9427179221200578
R639.48,2020,2.710591871231041,1.7029216610901878,-0.46752971635707763
R639.48,2022,-0.3926650738624339,1.4623680251410096,-0.9277525961739878
R642.18,2020,2.6779527266960064,1.8089770227158113,-0.47716185295832303
R642.18,2022,-0.3806268367063492,1.5873420221000687,-0.9258875871267781
R644.88,2020,2.673486636669465,1.7237895200393722,-0.4784798406023598
R644.88,2022,-0.38903525956084656,1.3305728149712586,-0.9271902516691921
R647.58,2020,2.580825607619748,1.6814524561125532,-0.5058250330739582
R647.58,2022,-0.5418842571243386,1.7077735510175385,-0.9508701941405652
R650.29,2020,2.668935213120755,1.7989554709216196,-0.4798230110186139
R650.29,2022,-0.46347245345502647,1.484309734430951,-0.9387223421456928
R652.99,2020,2.7302247592900537,1.7411044225341359,-0.4617358555695076
R652.99,2022,-0.5251749043650794,1.4213805793345458,-0.9482815182684269
R655.69,2020,2.7719917046348606,1.7593940013563716,-0.4494100140467282
R655.69,2022,-0.42129495833333336,1.4322240312233059,-0.9321880457224961
R658.4,2020,2.7193059160830537,1.7601465718796654,-0.4649581149392198
R658.4,2022,-0.41253943301587304,1.357693043227004,-0.9308316067590153
R661.1,2020,2.747833415510109,1.7229635730185162,-0.4565393657566731
R661.1,2022,-0.3869559451719577,1.4833358547202855,-0.9268681164514696
R663.81,2020,2.695610973937711,1.7488887667737656,-0.4719507283411293
R663.81,2022,-0.322502316468254,1.29456647929171,-0.9168827175014964
R666.52,2020,2.608288327208604,1.698830620815975,-0.4977205110256667
R666.52,2022,-0.3693448297619048,1.3969175978681303,-0.924139736112609
R669.23,2020,2.320058936931547,1.6687272035160872,-0.5827798745350949
R669.23,2022,-0.4552103983597884,1.5227173457998429,-0.9374423534478978
R671.94,2020,2.2571646060146278,1.6798168640498228,-0.6013406179450649
R671.94,2022,-0.5392771789973545,1.6624275305998117,-0.950466295776497
R674.65,2020,2.339479637677307,1.59884886185907,-0.5770486323368115
R674.65,2022,-0.35374101031746036,1.3621488035199523,-0.9217223336260494
R677.36,2020,2.2828502709116485,1.6588162921400604,-0.5937605224337885
R677.36,2022,-0.4895853613756614,1.574775986020741,-0.9427678522058032
R680.07,2020,2.33737996007732,1.7589343669815012,-0.5776682681069811
R680.07,2022,-0.49463397162698414,1.760907988274017,-0.9435500019236124
R682.79,2020,2.2406160790450853,1.6806759625630239,-0.606224253058385
R682.79,2022,-0.43364455985449735,1.6282385733376694,-0.9341012925100263
R685.5,2020,2.2814556303518443,1.677516258130124,-0.594172094752029
R685.5,2022,-0.472594360515873,1.7807163550048322,-0.9401355423489871
R688.22,2020,2.376703784732578,1.6634827888842645,-0.5660634158304059
R688.22,2022,-0.4577290693783069,1.4950982028133428,-0.9378325554497007
R690.93,2020,2.5200387839312812,1.7141304649912072,-0.5237638301124239
R690.93,2022,-0.5072389656084656,1.5261859637438775,-0.945502815073136
R693.65,2020,2.690247339142681,1.7287131505892859,-0.47353359038487763
R693.65,2022,-0.46714753682275134,1.4309976025377455,-0.9392916999047392
R696.37,2020,2.764437548584234,1.7357291434598017,-0.45163932072811674
R696.37,2022,-0.3513371598174603,1.7767895149071231,-0.9213499200514943
R699.09,2020,2.3199546430397544,1.6734087073400064,-0.5828106527012122
R699.09,2022,-0.3350519338756614,1.7158136559383725,-0.9188269515035656
R701.81,2020,2.425177166392968,1.7183649028290766,-0.5517584381623788
R701.81,2022,-0.19555212842328046,2.1175356000512227,-0.8972151161592877
R704.53,2020,2.3843020831313684,1.7909120372105842,-0.5638210823024664
R704.53,2022,0.4301176946428571,1.9635814247405194,-0.8002839903262512
R707.25,2020,2.469771065409557,1.6729812370431902,-0.5385983344577959
R707.25,2022,1.229130864351852,2.232435348310159,-0.6764978602620415
R709.97,2020,2.5370510014654384,1.7031499585838406,-0.5187433552956524
R709.97,2022,2.9541052047354497,3.5469107346978794,-0.40925833762198727
R712.7,2020,2.5991841137170852,1.8161784130654708,-0.5004072550946812
R712.7,2022,3.612259638074074,3.780766113163082,-0.3072945735988446
R715.42,2020,0.9545061437325746,1.0134146706012808,-0.9857681031691553
R715.42,2022,4.213438213537037,4.04131870251023,-0.2141577241008844
R718.15,2020,1.108644751110125,1.1962567238530737,-0.9402802650858795
R718.15,2022,5.930020639922702,5.355339875237851,0.05178169161100232
R720.87,2020,1.1870818299566797,1.2306842679374403,-0.9171327019736876
R720.87,2022,7.179662792775132,5.463118256157495,0.24538096122385267
R723.6,2020,0.9947148134693897,1.0252727278819564,-0.9739021242969566
R723.6,2022,7.112651198952381,5.206005399066234,0.23499927268200538
R726.33,2020,1.0414775015541793,1.0585840905401276,-0.960101989339662
R726.33,2022,6.807487149717424,5.383062783288409,0.1877221086481795
R729.06,2020,1.1013204021883936,1.0139035465441038,-0.9424417533949121
R729.06,2022,7.312732601626984,5.366504539819559,0.2659966372735405
R731.79,2020,1.1187363425982222,1.0006125577610305,-0.9373021359369068
R731.79,2022,6.344378968182539,4.9947745034138675,0.11597564467668398
R734.52,2020,5.7724346725335165,3.1144538024479167,0.436050586797885
R734.52,2022,6.26885302612963,4.993319245098971,0.10427488123421358
R737.25,2020,6.053873638702636,3.2098273921011513,0.5191060285281184
R737.25,2022,6.660989569642857,5.1186946515642084,0.16502615169942603
R739.98,2020,6.44352952070121,3.062822992258452,0.6340973598376856
R739.98,2022,6.016964652166666,5.109992751839256,0.06525138549834475
R742.72,2020,6.378555342042909,3.130809196796486,0.6149228326463032
R742.72,2022,6.470871702277363,5.061775784999121,0.135572375529746
R745.45,2020,6.464442572157704,3.2085560259094956,0.6402690095928316
R745.45,2022,9.73577040255291,6.663716850895553,0.6413827807649586
R748.19,2020,6.19056761552893,3.071136027719097,0.5594457824069323
R748.19,2022,9.178949074431932,6.41297283655621,0.5551179231150991
R750.93,2020,6.204220174422166,3.2040018455403545,0.5634747885003686
R750.93,2022,9.33390906310053,6.979688232644396,0.5791249082803944
R753.66,2020,6.376470307232411,3.1390049578817174,0.6143075181091373
R753.66,2022,9.041066654181378,6.40866514976912,0.5337566591788372
R756.4,2020,6.2187656985992525,3.170724450951748,0.567767317541993
R756.4,2022,9.686232910359788,7.041865510284027,0.6337082458709893
R759.14,2020,6.342012153443427,3.2337007069845973,0.604138573761777
R759.14,2022,9.276801454650794,6.492450349046687,0.5702775824599833
R761.88,2020,6.481325837956,3.2952285982288094,0.64525142946813685
R761.88,2022,9.70260888951978,6.870252292594952,0.6362452742493399
R764.62,2020,6.185995323312359,3.0800857262082526,0.5580964534389643
R764.62,2022,9.65008170349429,6.628254755848139,0.6281075647249446
R767.36,2020,6.400249462255545,3.2780075514961142,0.6213249835699479
R767.36,2022,9.583422506116403,6.643023209776103,0.6177804707677821
R770.11,2020,6.374951555951745,3.212407892596849,0.6138593194811681
R770.11,2022,9.199735952534391,6.649549494479442,0.5583383045730881
R772.85,2020,6.5085500119097315,3.4125731361738003,0.6532855543238585
R772.85,2022,9.129620284809524,6.338793774251486,0.5474757212095493
R775.6,2020,6.222745786293659,3.251919257524648,0.5689418810577833
R775.6,2022,8.962241188016616,6.33842216416055,0.521544721031939
R778.34,2020,6.742836154791144,3.3370586049289606,0.722425728313111
R778.34,2022,9.492387323886243,6.460036224102536,0.6036769574150975
R781.09,2020,6.326070470280229,3.1287579953035003,0.5994340242991869
R781.09,2022,8.909319294597884,6.3384664651446645,0.5133458619513542
R783.84,2020,6.168257377606534,3.1894313550342384,0.552861809011302
R783.84,2022,9.02011656944842,6.4099693471933,0.5305109931348662
R786.58,2020,6.145318290550415,3.28191274383208,0.546092255973684
R786.58,2022,9.615404087067848,6.7886708643924045,0.6227351777606047
R789.33,2020,6.376870361830964,3.3849357717722484,0.6144255782052614
R789.33,2022,8.832654763654293,6.250294716814113,0.5014687040289745
R792.08,2020,6.150700584615024,3.242405166693215,0.5476806245537102
R792.08,2022,9.53918367087037,7.084816395723528,0.6109268237676344
R794.84,2020,6.095805892657409,3.0475965619221896,0.5314806542679855
R794.84,2022,9.436306149724867,6.983218840016089,0.5949886506611275
R797.59,2020,6.3706096096055,3.2705153294801144,0.6125779678735175
R797.59,2022,9.145495036938957,6.27040480603035,0.5499350976082471
R800.34,2020,6.476219089709149,3.3476036551113886,0.6437443772030558
R800.34,2022,8.844518628423748,6.26031963729881,0.5033066986492019
R803.1,2020,6.237397654509756,3.239235229982679,0.5732657932843861
R803.1,2022,9.562819422111419,7.16475623036395,0.6145885633837103
R805.85,2020,6.382844801639929,2.987424225128205,0.6161886948915491
R805.85,2022,9.747763230978837,6.898994443719443,0.6432407549206414
R808.61,2020,6.226200503275907,3.260060661726865,0.5699614024443176
R808.61,2022,9.073764224509867,6.331595025733335,0.5388222899430211
R811.36,2020,6.532195442487305,3.2927145175070507,0.6602635563690402
R811.36,2022,9.625728172563269,6.41096147816652,0.6243346239754846
R814.12,2020,6.318900331636205,3.162628204075,0.5973180449788658
R814.12,2022,9.401552540224868,6.417328742068285,0.5896044905635731
R816.88,2020,6.242563008273907,3.1908721294285733,0.5747901406212674
R816.88,2022,8.771478211095237,6.255228597598793,0.4919910020597902
R819.64,2020,6.22595188688261,3.266393743949189,0.5698880332707179
R819.64,2022,9.399674120741484,6.308422746099554,0.5893134787413647
R822.4,2020,6.269860684907776,3.0863817067299397,0.5828459568499009
R822.4,2022,9.43667064661822,6.495984650768453,0.5950451198928737
R825.16,2020,6.409567118604068,3.2066559500658878,0.6240747167517138
R825.16,2022,9.046150620148149,6.192046051278001,0.5345442863372654
R827.92,2020,6.491492967376564,3.389644058819598,0.6482518506132529
R827.92,2022,8.995262579584656,6.504448913571159,0.5266605194023606
R830.69,2020,6.094305899147631,3.1239263224292273,0.5310379912450118
R830.69,2022,9.458069846847133,6.924814124052986,0.598360364601257
R833.45,2020,6.443792016901023,3.363557031703414,0.6341748250804156
R833.45,2022,9.126878329182174,6.661587410818668,0.5470509271150528
R836.22,2020,6.367918263766298,3.3198590912979764,0.6117837249136089
R836.22,2022,9.053008985274431,6.356193235716189,0.535606810097492
R838.98,2020,6.316471250050636,3.429128231991155,0.5966011988120596
R838.98,2022,9.461987695825396,6.466502022686134,0.5989673325231648
R841.75,2020,6.268459755730808,3.1702566228435476,0.5824325286981078
R841.75,2022,9.240038711359226,6.317049963442648,0.5645821597872074
R844.52,2020,6.357533491815976,3.3447932265664244,0.6087190752904879
R844.52,2022,9.52767021392328,6.8018635982154185,0.6091431156472034
R847.29,2020,6.096064746393445,3.3588943472715598,0.5315570445833802
R847.29,2022,8.94318452310176,6.38471473683853,0.5185923907185357
R850.06,2020,6.4004434826327135,3.4344672700532044,0.6213822409154739
R850.06,2022,9.538664275830687,6.774872755727526,0.6108463571315708
R852.83,2020,2.43378847395749,1.5968788742561317,-0.5492171555412066
R852.83,2022,9.95885192856346,6.411615680797959,0.6759434111031564
R855.6,2020,2.575641891829077,1.811055351512605,-0.5073547992277305
R855.6,2022,9.278436706850208,6.943778606941681,0.5705309218905688
R858.37,2020,2.5811023186262454,1.788909090743845,-0.5057433729002122
R858.37,2022,8.846202648031513,6.3113760767790925,0.5035675933103918
R861.14,2020,2.4806366768958896,1.7202672585186864,-0.5353917842989804
R861.14,2022,9.390242934618293,6.71525117257215,0.5878523638607049
R863.92,2020,2.5284464716301085,1.6782778608553306,-0.5212826377414416
R863.92,2022,9.223959046015311,7.039726781959859,0.5620910374614319
R866.69,2020,2.3523348949980627,1.6798554209422787,-0.5732549178776359
R866.69,2022,8.842375308347146,6.064334493423706,0.5029746474292349
R869.47,2020,2.579463192826483,1.731265301287049,-0.5062270952475609
R869.47,2022,8.48662811739882,6.232249712971249,0.4478609525388926
R872.25,2020,2.585448939960417,1.721051313085065,-0.5044606416570667
R872.25,2022,9.508120472002206,6.171196409294776,0.6061143959866186
R875.03,2020,2.3916119880298092,1.7247716818179302,-0.561663856568553
R875.03,2022,9.481615520853877,6.627788910566525,0.6020081491128813
R877.8,2020,2.555246649447405,1.8006746740374973,-0.5133736383681039
R877.8,2022,9.35746183560357,6.9423682392826755,0.5827737925178043
R880.58,2020,2.546735910968448,1.7395557274184534,-0.5158852420505715
R880.58,2022,9.171480104717372,6.694361679386879,0.5539608021919622
R883.37,2020,2.5122160265976134,1.6935270582330604,-0.5260724037074027
R883.37,2022,9.350801994478836,6.609691253645469,0.5817420248437202
R886.15,2020,2.536257108255544,1.723298220261064,-0.5189776410881706
R886.15,2022,8.879352761404762,6.343835084962448,0.50870333374776
R888.93,2020,2.526730873891853,1.730537780254203,-0.5217889277194135
R888.93,2022,9.353649426986772,6.606560735488889,0.5821831598138794
R891.71,2020,2.4943632498509554,1.6752637780827984,-0.531340935918802
R891.71,2022,9.13834548529599,6.598782979605758,0.5488274621359814
R894.5,2020,2.652496170355054,1.8373283778836895,-0.4846743362530417
R894.5,2022,9.360344907592964,6.289383594712898,0.5832204488906818
R897.28,2020,2.5268908764807,1.81779554217791,-0.521741709362
R897.28,2022,9.024659071148148,6.502731867381196,0.5312147346093956
R900.07,2020,2.5847628153995466,1.7682403370601731,-0.5046631238480042
R900.07,2022,9.346174411028406,6.832011206311968,0.5810251021838764
R902.86,2020,2.4613416879158216,1.7024353405798662,-0.5410859277032614
R902.86,2022,9.419211837457672,6.8058762005256295,0.5923403354119108
R905.64,2020,2.5768391382941487,1.7687152127076406,-0.5070014798726674
R905.64,2022,9.401893771880953,6.769758684254166,0.5896573554571236
R908.43,2020,2.63261376645246,1.753987818642384,-0.4905418316509481
R908.43,2022,9.382105151018518,6.549641496367902,0.586591627771107
R911.22,2020,1.659550568903202,1.1548626499594656,-0.7777024718564075
R911.22,2022,9.241109224880953,6.341657257003584,0.5647480077745244
R914.02,2020,1.710114074827263,1.1909379946059493,-0.7627806777028978
R914.02,2022,9.298922879201058,6.5893342167892985,0.5737047168807863
R916.81,2020,1.6103730656544937,1.1216150101355102,-0.7922152428174017
R916.81,2022,9.127936827411437,6.487067871690179,0.5472149136480005
R919.6,2020,1.6885263320666424,1.128021767751146,-0.7691514355810538
R919.6,2022,8.940801261997354,6.539598678156385,0.5182231669307045
R922.39,2020,1.6673274249171572,1.1797070183560456,-0.7754074441980009
R922.39,2022,8.801679762833334,6.510863381453602,0.4966699402216661
R925.19,2020,1.6329359654812177,1.177653904964052,-0.7855567063775775
R925.19,2022,8.108115046911283,5.952559450421919,0.3892202818332544
R927.98,2020,1.66393202638919,1.1221280546267793,-0.7764094601179323
R927.98,2022,8.588656083407407,6.627410289502679,0.46366750936338863
R930.78,2020,1.5790804047690166,1.0482134549884776,-0.8014500186842088
R930.78,2022,9.051647019404761,6.315534547450188,0.5353958092145563
R933.58,2020,1.6493538428948902,1.1562570333513493,-0.7807116272493163
R933.58,2022,9.48139998744709,6.849312009571536,0.6019747578656061
R936.38,2020,1.2957805340168747,1.0354344494280083,-0.8850546318893966
R936.38,2022,8.237442220857144,5.884279634694181,0.4092561347851269
R939.18,2020,1.2413220205164266,1.0511530609980848,-0.9011258815685672
R939.18,2022,9.588801048971016,6.959304650384523,0.6186137348873202
R941.98,2020,1.222486111745779,1.039618654416896,-0.9066845458311287
R941.98,2022,10.153088377195767,7.118691247285872,0.7060352533970271
R944.78,2020,1.1675266642685844,1.0345429246422153,-0.922903626115573
R944.78,2022,10.525336193394725,7.342876196682743,0.7637052873076129
R947.58,2020,1.1476072648271871,1.0243250737990455,-0.928782039265414
R947.58,2022,10.499991036698413,7.2287852360147875,0.7597787201592263
R950.38,2020,1.1502169212489248,1.0218487914525087,-0.9280119036661334
R950.38,2022,11.392865110825397,7.538154017240204,0.8981061351017081
R953.19,2020,1.0940049290851346,0.9929121733302565,-0.9446006223615203
R953.19,2022,11.215266788687831,7.464815667128981,0.8705919340387733
R955.99,2020,1.1601115115260643,1.0822188807418536,-0.9250919115364237
R955.99,2022,12.050568360164021,7.243363247812016,1
R958.8,2020,1.2268035148107637,1.0758651558866812,-0.9054104371902012
R958.8,2022,11.249391611543192,7.51713636894041,0.8758786801407559
R961.6,2020,1.0360354440415878,0.9516108070966087,-0.9617079947083642
R961.6,2022,10.102164271280657,7.232893990777763,0.6981458990819946
R964.41,2020,1.1522454871958527,1.053761790847753,-0.927413253652973
R964.41,2022,10.124096194756614,7.085744130154977,0.7015436752825321
R967.22,2020,1.0848300423391999,0.991366307408009,-0.9473082228117385
R967.22,2022,10.826107340436508,7.452718810379846,0.8103018863859928
R971.92,2020,1.1052633061662438,1.067506679749094,-0.9412781631641852
R971.92,2022,10.848074749415652,7.047531982774761,0.8137051601343548
R978.85,2020,1.1452772289405062,0.9835441694025564,-0.9294696560600951
R978.85,2022,10.419498333066137,7.381702106547854,0.747308487303523
R985.77,2020,1.118103123565372,0.952189102614743,-0.9374890051796462
R985.77,2022,10.614364176965042,7.1207794190553075,0.7774978378829722
R992.7,2020,1.1450608883176503,1.061948141903182,-0.9295335003324078
R992.7,2022,10.155305979922808,6.899429750441613,0.7063788127650164
R999.63,2020,1.154993641893006,1.0524973293160709,-0.9266022458333311
R999.63,2022,10.012041577957502,7.317337822992539,0.6841837519480496
